"X","logFC","t","P.Value","adj.P.Val","Direction"
"REACTOME_ACTIVATION_OF_RAC",0.469206819303928,26.7435289333978,9.73237496327855e-08,4.76031263345581e-05,"UP"
"REACTOME_SIGNALING_BY_HIPPO",0.422631721266784,25.5342185996383,1.30048304682082e-07,4.76031263345581e-05,"UP"
"SA_REG_CASCADE_OF_CYCLIN_EXPR",-0.557006442346882,-24.3784766338422,1.73786716151506e-07,4.76031263345581e-05,"DOWN"
"REACTOME_TRAF3_DEPENDENT_IRF_ACTIVATION_PATHWAY",0.405830392373491,22.8705336126452,2.59065402551317e-07,4.76031263345581e-05,"UP"
"BIOCARTA_G1_PATHWAY",-0.442852831859688,-22.5233214829119,2.85048660685977e-07,4.76031263345581e-05,"DOWN"
"PID_P38_GAMMA_DELTA_PATHWAY",-0.442240228062026,-20.8321221225612,4.6397045423276e-07,6.31452993734495e-05,"DOWN"
"PID_CONE_PATHWAY",0.522551554235057,20.3961229747469,5.29361791154666e-07,6.31452993734495e-05,"UP"
"KEGG_HEMATOPOIETIC_CELL_LINEAGE",0.41729811597046,19.2247517373211,7.65075324322991e-07,7.98547369762122e-05,"UP"
"PID_LIS1_PATHWAY",0.343247372692682,18.6366398975664,9.28144760571092e-07,8.61112083418735e-05,"UP"
"REACTOME_NFKB_ACTIVATION_THROUGH_FADD_RIP1_PATHWAY_MEDIATED_BY_CASPASE_8_AND10",0.374034611902439,16.4579387078201,2.00684407735747e-06,0.000167116972431276,"UP"
"PID_FOXM1_PATHWAY",-0.419622092957975,-16.2134486992808,2.20154095418447e-06,0.000167116972431276,"DOWN"
"REACTOME_INTERFERON_GAMMA_SIGNALING",0.347279821123303,15.4874067389055,2.92188071060856e-06,0.000203314199446513,"UP"
"PID_FRA_PATHWAY",-0.332373993071764,-14.8500647254543,3.78619946053142e-06,0.000243190503811057,"DOWN"
"REACTOME_SIGNALING_BY_ROBO_RECEPTOR",0.334411282905157,14.5514930659259,4.29057299790365e-06,0.000255902032374968,"UP"
"KEGG_NICOTINATE_AND_NICOTINAMIDE_METABOLISM",0.421878896274518,14.1015891387973,5.20458311507699e-06,0.000265814580117273,"UP"
"REACTOME_TRAF6_MEDIATED_IRF7_ACTIVATION",0.332770150876106,13.9382538142282,5.59065586582591e-06,0.000265814580117273,"UP"
"REACTOME_RIG_I_MDA5_MEDIATED_INDUCTION_OF_IFN_ALPHA_BETA_PATHWAYS",0.275873033248069,13.7621639783267,6.04441201907616e-06,0.000265814580117273,"UP"
"BIOCARTA_SRCRPTP_PATHWAY",-0.37558476498267,-13.6304608679343,6.41166657719313e-06,0.000265814580117273,"DOWN"
"REACTOME_NEGATIVE_REGULATORS_OF_RIG_I_MDA5_SIGNALING",0.479540701407916,13.6034811120525,6.49004037720125e-06,0.000265814580117273,"UP"
"KEGG_COMPLEMENT_AND_COAGULATION_CASCADES",0.292508255964778,13.5443224315529,6.66579166735315e-06,0.000265814580117273,"UP"
"REACTOME_AMINO_ACID_TRANSPORT_ACROSS_THE_PLASMA_MEMBRANE",-0.335277088781531,-13.4677655788851,6.90144252097244e-06,0.000265814580117273,"DOWN"
"KEGG_BLADDER_CANCER",-0.252118288593698,-13.4350567746798,7.00504426856168e-06,0.000265814580117273,"DOWN"
"REACTOME_PEPTIDE_LIGAND_BINDING_RECEPTORS",-0.248843935454931,-13.3383997782988,7.3218387337692e-06,0.000265814580117273,"DOWN"
"KEGG_GLYCOSPHINGOLIPID_BIOSYNTHESIS_GLOBO_SERIES",0.242633766185754,13.0050123127287,8.54859413372449e-06,0.000279522623395565,"UP"
"PID_AP1_PATHWAY",-0.501065678769515,-12.9254681261568,8.87533565551565e-06,0.000279522623395565,"DOWN"
"KEGG_NITROGEN_METABOLISM",0.669540412394418,12.9236366441088,8.88302666156467e-06,0.000279522623395565,"UP"
"BIOCARTA_ARF_PATHWAY",-0.422154527064462,-12.8410987996682,9.23774360379007e-06,0.000279522623395565,"DOWN"
"KEGG_PRION_DISEASES",-0.324048593657111,-12.7232339965485,9.77298352467644e-06,0.000279522623395565,"DOWN"
"REACTOME_DEGRADATION_OF_THE_EXTRACELLULAR_MATRIX",0.364203249205486,12.6797643576449,9.97934834469275e-06,0.000279522623395565,"UP"
"KEGG_DORSO_VENTRAL_AXIS_FORMATION",0.246910432353319,12.666621269163,1.00427289842718e-05,0.000279522623395565,"UP"
"REACTOME_INHIBITION_OF_VOLTAGE_GATED_CA2_CHANNELS_VIA_GBETA_GAMMA_SUBUNITS",-0.385192955079399,-12.5898555892304,1.04223264355128e-05,0.000280730405601715,"DOWN"
"KEGG_RIG_I_LIKE_RECEPTOR_SIGNALING_PATHWAY",0.215095175868485,12.2577603534707,1.22671171683678e-05,0.000313535705406648,"UP"
"BIOCARTA_RACCYCD_PATHWAY",-0.247112311075025,-12.2375164713581,1.23912314711609e-05,0.000313535705406648,"DOWN"
"PID_DELTA_NP63_PATHWAY",-0.196602340392326,-12.1253072724082,1.31059990300272e-05,0.000316519479247509,"DOWN"
"REACTOME_HS_GAG_BIOSYNTHESIS",0.262853787905574,12.0641204198024,1.35157252759025e-05,0.000316519479247509,"UP"
"KEGG_ABC_TRANSPORTERS",-0.277744434799438,-12.045061832269,1.36463488058806e-05,0.000316519479247509,"DOWN"
"REACTOME_REGULATION_OF_IFNA_SIGNALING",0.292266990792434,11.8894612829543,1.47689856188518e-05,0.000333300080857872,"UP"
"KEGG_PPAR_SIGNALING_PATHWAY",0.202447030627728,11.829834658999,1.52271259424962e-05,0.000334596056894324,"UP"
"PID_ATF2_PATHWAY",-0.31913825834854,-11.5585606937584,1.75294558987119e-05,0.000375310145523704,"DOWN"
"BIOCARTA_HER2_PATHWAY",0.207807332659077,11.4992615531806,1.8084714912958e-05,0.000377518423807998,"UP"
"REACTOME_CLASS_B_2_SECRETIN_FAMILY_RECEPTORS",-0.220477584745047,-11.3624313897844,1.94450399347821e-05,0.000396014837696171,"DOWN"
"KEGG_DNA_REPLICATION",-0.22096547534879,-11.1477823945051,2.18236687048891e-05,0.00043387531829958,"DOWN"
"SA_G1_AND_S_PHASES",-0.481043086025324,-11.0612438229934,2.28762180057633e-05,0.000444224233367728,"DOWN"
"BIOCARTA_ERK5_PATHWAY",0.267047982257483,10.9075276350877,2.48933735865151e-05,0.000472408339653185,"UP"
"REACTOME_PPARA_ACTIVATES_GENE_EXPRESSION",0.214880828074636,10.7663732640854,2.69278613711911e-05,0.000498416718628238,"UP"
"REACTOME_SEMA4D_IN_SEMAPHORIN_SIGNALING",0.221887078802168,10.7224476954208,2.75995545613821e-05,0.000498416718628238,"UP"
"SA_CASPASE_CASCADE",0.232269665524637,10.693383541418,2.80545937431464e-05,0.000498416718628238,"UP"
"KEGG_CELL_CYCLE",-0.186398691691419,-10.5421530469095,3.05662929548629e-05,0.000531726137860637,"DOWN"
"REACTOME_UNWINDING_OF_DNA",-0.343684516750944,-10.2816354004844,3.55255891377632e-05,0.000605319795984145,"DOWN"
"BIOCARTA_RANMS_PATHWAY",-0.384595210155142,-10.2472611609536,3.62466943703081e-05,0.000605319795984145,"DOWN"
"PID_RB_1PATHWAY",-0.169995636147306,-10.2111888572432,3.70215871718297e-05,0.000606137750754466,"DOWN"
"REACTOME_PLATELET_HOMEOSTASIS",0.273778924798116,10.0880880022061,3.98131709285805e-05,0.000623629199105508,"UP"
"BIOCARTA_IL12_PATHWAY",-0.430649037915134,-10.0699509892386,4.02445982253885e-05,0.000623629199105508,"DOWN"
"PID_TCR_CALCIUM_PATHWAY",-0.190832143755829,-10.0663659432882,4.03305110798772e-05,0.000623629199105508,"DOWN"
"BIOCARTA_P53_PATHWAY",-0.63383434439643,-9.85159202311041,4.58841822719136e-05,0.000684432342163254,"DOWN"
"PID_INTEGRIN_CS_PATHWAY",0.228447388274399,9.85095015498677,4.59020492947811e-05,0.000684432342163254,"UP"
"REACTOME_FORMATION_OF_THE_TERNARY_COMPLEX_AND_SUBSEQUENTLY_THE_43S_COMPLEX",-0.317682584665126,-9.59873735402661,5.35847904918118e-05,0.000784970176502857,"DOWN"
"REACTOME_REGULATION_OF_KIT_SIGNALING",-0.333437654818709,-9.55316669250669,5.51254759075947e-05,0.000793616765221406,"DOWN"
"KEGG_SMALL_CELL_LUNG_CANCER",-0.187301277778733,-9.51268342916202,5.65369756705559e-05,0.000800141943812105,"DOWN"
"REACTOME_INTERFERON_ALPHA_BETA_SIGNALING",0.836237061566138,9.48478653583412,5.75338089989708e-05,0.000800678841902343,"UP"
"KEGG_GLYCEROPHOSPHOLIPID_METABOLISM",-0.216234625852712,-9.41895881809021,5.99670946665656e-05,0.000802530134939963,"DOWN"
"PID_ERBB1_INTERNALIZATION_PATHWAY",0.186226451009455,9.39890148105733,6.07318509569153e-05,0.000802530134939963,"UP"
"PID_CMYB_PATHWAY",-0.18692634784215,-9.39013756099077,6.10695186147267e-05,0.000802530134939963,"DOWN"
"PID_IL12_STAT4_PATHWAY",-0.429636205536141,-9.37875533222516,6.15112917798295e-05,0.000802530134939963,"DOWN"
"REACTOME_POL_SWITCHING",-0.201596543448168,-9.32685318358576,6.35728467154356e-05,0.000814622498364746,"DOWN"
"REACTOME_TGF_BETA_RECEPTOR_SIGNALING_IN_EMT_EPITHELIAL_TO_MESENCHYMAL_TRANSITION",-0.240353440885369,-9.30682937143805,6.43893232240398e-05,0.000814622498364746,"DOWN"
"KEGG_METABOLISM_OF_XENOBIOTICS_BY_CYTOCHROME_P450",0.263928680199969,9.26698708837237,6.60499880669894e-05,0.000823160299043823,"UP"
"BIOCARTA_CELLCYCLE_PATHWAY",-0.420458707673567,-9.21017442962386,6.85037934959755e-05,0.000841186287781464,"DOWN"
"PID_LYMPH_ANGIOGENESIS_PATHWAY",0.190586659017086,9.14280995974137,7.15501350638539e-05,0.00086586033012055,"UP"
"KEGG_RNA_POLYMERASE",-0.19844195466991,-9.10875111618779,7.31493633628483e-05,0.000872567405828262,"DOWN"
"PID_ERBB1_RECEPTOR_PROXIMAL_PATHWAY",0.197268510002856,9.0781131039135,7.46231079747626e-05,0.0008776097909708,"UP"
"REACTOME_G1_PHASE",-0.256235628954637,-9.03606339413123,7.67016118032407e-05,0.000889525636884806,"DOWN"
"BIOCARTA_VEGF_PATHWAY",-0.198733253584851,-8.97066152945571,8.00678891877194e-05,0.00091584503385953,"DOWN"
"PID_S1P_S1P4_PATHWAY",0.157652288306931,8.87777161583458,8.51446524909e-05,0.000960753849052723,"UP"
"REACTOME_NEPHRIN_INTERACTIONS",0.213755186358914,8.79972365528379,8.96972323257275e-05,0.000978676258508627,"UP"
"REACTOME_IL1_SIGNALING",0.166832461498862,8.78416313467486,9.06379301404427e-05,0.000978676258508627,"UP"
"REACTOME_TRAFFICKING_OF_AMPA_RECEPTORS",-0.208345519446066,-8.75546673304755,9.24025878374281e-05,0.000978676258508627,"DOWN"
"REACTOME_ASSOCIATION_OF_LICENSING_FACTORS_WITH_THE_PRE_REPLICATIVE_COMPLEX",-0.255040261268465,-8.75394980732634,9.24969609610225e-05,0.000978676258508627,"DOWN"
"REACTOME_RNA_POL_III_TRANSCRIPTION_INITIATION_FROM_TYPE_2_PROMOTER",-0.220144496898584,-8.7272969963525,9.41732964081079e-05,0.000978676258508627,"DOWN"
"REACTOME_RECRUITMENT_OF_MITOTIC_CENTROSOME_PROTEINS_AND_COMPLEXES",0.147478647896597,8.72588953623011,9.42627831554326e-05,0.000978676258508627,"UP"
"REACTOME_TRAF6_MEDIATED_NFKB_ACTIVATION",0.173604705725563,8.71532725698882,9.49374574122141e-05,0.000978676258508627,"UP"
"KEGG_INOSITOL_PHOSPHATE_METABOLISM",0.166219303436966,8.69478256646649,9.62656943367967e-05,0.000980266521600308,"UP"
"KEGG_RIBOSOME",-0.304998606903347,-8.66220513754065,9.84158010190625e-05,0.000990086672902617,"DOWN"
"SA_PTEN_PATHWAY",0.15585937454736,8.51799020679034,0.000108620159501805,0.00107973610933342,"UP"
"PID_IL23_PATHWAY",0.194574798997704,8.48277781280215,0.000111292704071884,0.00109328715176498,"UP"
"BIOCARTA_MEF2D_PATHWAY",-0.173650841955519,-8.30365224138534,0.000126111701103074,0.00120635312195971,"DOWN"
"REACTOME_PURINE_RIBONUCLEOSIDE_MONOPHOSPHATE_BIOSYNTHESIS",-0.501168269041244,-8.28917195471336,0.00012740533940207,0.00120635312195971,"DOWN"
"KEGG_HISTIDINE_METABOLISM",0.359305052855503,8.27592536082874,0.000128602094827963,0.00120635312195971,"UP"
"REACTOME_PURINE_SALVAGE",-0.385813660623705,-8.27512226461332,0.000128675063202377,0.00120635312195971,"DOWN"
"REACTOME_ACTIVATION_OF_THE_PRE_REPLICATIVE_COMPLEX",-0.2298670098045,-8.26034638225391,0.000130026085001645,0.00120635312195971,"DOWN"
"REACTOME_SIGNALING_BY_ILS",0.141905863258478,8.19784841510734,0.000135923228354918,0.00124720764479513,"UP"
"PID_RAS_PATHWAY",0.187005195281446,8.17770856300596,0.00013788842648981,0.00124911147719058,"UP"
"BIOCARTA_NFKB_PATHWAY",0.211440053138788,8.16391245370981,0.000139253405120921,0.00124911147719058,"UP"
"KEGG_BETA_ALANINE_METABOLISM",-0.138953371196857,-8.15026886068985,0.000140618537551994,0.00124911147719058,"DOWN"
"PID_ATR_PATHWAY",-0.169579820808302,-8.09171439964377,0.000146654058831458,0.00128901199078177,"DOWN"
"KEGG_O_GLYCAN_BIOSYNTHESIS",-0.262828426789495,-8.04560722659242,0.000151615847481811,0.00131874200674284,"DOWN"
"KEGG_CHRONIC_MYELOID_LEUKEMIA",-0.194935496321958,-7.96523801244963,0.000160731582814332,0.00135700651685455,"DOWN"
"REACTOME_ACTIVATION_OF_ATR_IN_RESPONSE_TO_REPLICATION_STRESS",-0.194582475683707,-7.96136970485483,0.000161185922428258,0.00135700651685455,"DOWN"
"PID_TCR_PATHWAY",0.141423842663372,7.96037652284839,0.000161302810519273,0.00135700651685455,"UP"
"REACTOME_INTERFERON_SIGNALING",0.335782457322304,7.93930503552987,0.000163805741465382,0.00135700651685455,"UP"
"PID_SYNDECAN_2_PATHWAY",-0.240089699758977,-7.91612325308574,0.000166610852131639,0.00135700651685455,"DOWN"
"REACTOME_NRAGE_SIGNALS_DEATH_THROUGH_JNK",0.215216320548372,7.91158566537152,0.000167166335902231,0.00135700651685455,"UP"
"REACTOME_NCAM1_INTERACTIONS",-0.157117778860315,-7.90975353272125,0.000167391223037149,0.00135700651685455,"DOWN"
"KEGG_VIRAL_MYOCARDITIS",-0.152130705348392,-7.88324708757797,0.000170683844345482,0.0013703943271969,"DOWN"
"PID_AR_PATHWAY",-0.186136031817605,-7.76985052204601,0.000185632946489532,0.00147622390779771,"DOWN"
"REACTOME_DOWNREGULATION_OF_TGF_BETA_RECEPTOR_SIGNALING",-0.250004986810464,-7.75622924675576,0.00018752745025453,0.00147722095247672,"DOWN"
"REACTOME_CASPASE_MEDIATED_CLEAVAGE_OF_CYTOSKELETAL_PROTEINS",0.171467626165196,7.69560764108412,0.000196231759768688,0.0015287045747289,"UP"
"REACTOME_REGULATION_OF_IFNG_SIGNALING",0.166554427791186,7.68551960322397,0.00019772466355775,0.0015287045747289,"UP"
"BIOCARTA_PARKIN_PATHWAY",0.167611886141125,7.66451832318428,0.000200874460967307,0.00153737749316825,"UP"
"BIOCARTA_TID_PATHWAY",0.269493438304665,7.65363852901921,0.000202528771555099,0.00153737749316825,"UP"
"KEGG_THYROID_CANCER",-0.273965239420546,-7.61387438389015,0.000208709011955298,0.00157001824308715,"DOWN"
"PID_AMB2_NEUTROPHILS_PATHWAY",-0.207802112026799,-7.58473199069361,0.000213375475180022,0.00159079037299392,"DOWN"
"SIG_REGULATION_OF_THE_ACTIN_CYTOSKELETON_BY_RHO_GTPASES",0.148092507946008,7.5328150704198,0.000221987519566422,0.00164035025520321,"UP"
"REACTOME_O_LINKED_GLYCOSYLATION_OF_MUCINS",-0.240333940535883,-7.51583875643762,0.000224889298324288,0.00164721547456825,"DOWN"
"KEGG_PANCREATIC_CANCER",-0.222304694067889,-7.47624916236959,0.000231826452919159,0.00168326163641303,"DOWN"
"PID_NFAT_3PATHWAY",-0.131009148893457,-7.41225447988202,0.000243563839568314,0.00174963922614032,"DOWN"
"REACTOME_APOPTOTIC_CLEAVAGE_OF_CELLULAR_PROTEINS",0.124466066542524,7.40382987764499,0.000245159029291518,0.00174963922614032,"UP"
"KEGG_GLYCOSAMINOGLYCAN_DEGRADATION",0.24620233681715,7.3690190747333,0.000251878248637742,0.0017823587933264,"UP"
"REACTOME_TRANSLATION",-0.219113677309201,-7.34265363287479,0.000257107532695953,0.00179135139261712,"DOWN"
"REACTOME_YAP1_AND_WWTR1_TAZ_STIMULATED_GENE_EXPRESSION",0.248325137180563,7.34099951662355,0.000257439721094676,0.00179135139261712,"UP"
"BIOCARTA_CARDIACEGF_PATHWAY",-0.144601112827945,-7.23283038281197,0.000280266516203975,0.00193407058702743,"DOWN"
"REACTOME_FANCONI_ANEMIA_PATHWAY",-0.140215269953858,-7.20095066282375,0.000287429098854043,0.00196724014379611,"DOWN"
"PID_P38_MKK3_6PATHWAY",0.130493070868009,7.09511304865226,0.000312751344907219,0.00212314937396364,"UP"
"REACTOME_E2F_MEDIATED_REGULATION_OF_DNA_REPLICATION",-0.181796503110651,-7.02578235111557,0.000330719053181728,0.00221053674183771,"DOWN"
"PID_ANTHRAX_PATHWAY",-0.144613769219291,-7.02503641647174,0.0003309186739278,0.00221053674183771,"DOWN"
"BIOCARTA_DREAM_PATHWAY",0.213796346397869,7.00329779681048,0.000336797017033915,0.00223194848589936,"UP"
"PID_SHP2_PATHWAY",0.128749810987792,6.96485290431439,0.000347487028838684,0.00226648206603497,"UP"
"PID_NOTCH_PATHWAY",0.113732210442805,6.95773439357311,0.000349508606517838,0.00226648206603497,"UP"
"PID_IL2_STAT5_PATHWAY",-0.200752146942535,-6.95548176017115,0.000350151121579055,0.00226648206603497,"DOWN"
"REACTOME_TIE2_SIGNALING",0.202845938107089,6.93437303819801,0.000356237851960615,0.00228814312605472,"UP"
"PID_MYC_ACTIV_PATHWAY",-0.170538983603656,-6.8307233896295,0.000387932953593568,0.00245379134331905,"DOWN"
"PID_CD8_TCR_DOWNSTREAM_PATHWAY",-0.274276059161283,-6.82855880619766,0.000388628329504151,0.00245379134331905,"DOWN"
"PID_PRL_SIGNALING_EVENTS_PATHWAY",-0.264042011745411,-6.82169297043173,0.00039084341157058,0.00245379134331905,"DOWN"
"BIOCARTA_CELL2CELL_PATHWAY",-0.547776946420959,-6.80477256881443,0.000396364054593437,0.00246988048944418,"DOWN"
"BIOCARTA_AKAP13_PATHWAY",0.289306824027885,6.75746194345352,0.000412278028961625,0.00253618000216294,"UP"
"REACTOME_TRANS_GOLGI_NETWORK_VESICLE_BUDDING",0.128700167394596,6.75513767902868,0.000413078419513964,0.00253618000216294,"UP"
"REACTOME_SIGNAL_ATTENUATION",-0.178101509840033,-6.6507016049692,0.000450938769081897,0.00273206985586027,"DOWN"
"REACTOME_MRNA_DECAY_BY_3_TO_5_EXORIBONUCLEASE",-0.166918842139507,-6.64915686456481,0.00045152771270505,0.00273206985586027,"DOWN"
"PID_IL6_7_PATHWAY",0.114527021430187,6.62348445159808,0.000461444945750587,0.00277198942231468,"UP"
"PID_E2F_PATHWAY",-0.161430022952338,-6.59534675169528,0.000472600644078664,0.0028187252700406,"DOWN"
"PID_HIF2PATHWAY",0.190142806719497,6.57157239662112,0.000482266250004218,0.00285597389186895,"UP"
"KEGG_HEDGEHOG_SIGNALING_PATHWAY",-0.252138824638819,-6.55457666800981,0.000489314005230771,0.00287730418568798,"DOWN"
"PID_PI3K_PLC_TRK_PATHWAY",-0.173907044856567,-6.53825805020156,0.000496191538583826,0.00289734220082164,"DOWN"
"BIOCARTA_IL22BP_PATHWAY",0.260312070118632,6.52094584258731,0.000503608423627501,0.00292022940089558,"UP"
"PID_ERBB2_ERBB3_PATHWAY",0.134979192689305,6.48514142977911,0.000519351745323691,0.00299074970582953,"UP"
"PID_RHODOPSIN_PATHWAY",0.655725385686946,6.42289255595037,0.000548075392117132,0.00313454076998497,"UP"
"PID_RANBP2_PATHWAY",-0.153874766839064,-6.41466273988951,0.0005520065153438,0.0031355472130073,"DOWN"
"KEGG_LEISHMANIA_INFECTION",0.135280144815355,6.36431895480374,0.000576764265516705,0.00324791984591559,"UP"
"KEGG_GLYCOSAMINOGLYCAN_BIOSYNTHESIS_HEPARAN_SULFATE",0.20590322181204,6.35877125951441,0.00057956893058853,0.00324791984591559,"UP"
"BIOCARTA_BCR_PATHWAY",-0.124230244635973,-6.33049141492103,0.000594109265566911,0.00327285274774853,"DOWN"
"REACTOME_DARPP_32_EVENTS",0.139085848752399,6.32969632474818,0.000594524023951642,0.00327285274774853,"UP"
"BIOCARTA_MCALPAIN_PATHWAY",0.273678337891371,6.32729860689851,0.000595776787614104,0.00327285274774853,"UP"
"PID_RET_PATHWAY",-0.157594546114273,-6.30083945339658,0.000609802430539074,0.00330196302127291,"DOWN"
"PID_AVB3_INTEGRIN_PATHWAY",0.13308716975796,6.29685740839849,0.000611945597473135,0.00330196302127291,"UP"
"REACTOME_PURINE_METABOLISM",-0.346760552427018,-6.29501657240261,0.000612939243469822,0.00330196302127291,"DOWN"
"KEGG_PATHWAYS_IN_CANCER",-0.124690693085574,-6.28164291338162,0.000620213404925308,0.00331973200713226,"DOWN"
"BIOCARTA_CHREBP2_PATHWAY",0.132334512309468,6.2704671298573,0.000626367450066931,0.00332383145782916,"UP"
"REACTOME_GAP_JUNCTION_TRAFFICKING",-0.165091828544229,-6.26583129669152,0.000628940563277852,0.00332383145782916,"DOWN"
"PID_ERA_GENOMIC_PATHWAY",-0.155142491777275,-6.24036433723527,0.000643292117577364,0.00337829508287484,"DOWN"
"REACTOME_RNA_POL_I_TRANSCRIPTION_TERMINATION",-0.145795218914631,-6.21993991946503,0.000655071345274516,0.00340189141042257,"DOWN"
"REACTOME_ACTIVATION_OF_BH3_ONLY_PROTEINS",-0.290011057802366,-6.21836251747879,0.000655991220101754,0.00340189141042257,"DOWN"
"PID_P38_ALPHA_BETA_PATHWAY",-0.117263406786304,-6.21048048279975,0.000660609746687579,0.00340189141042257,"DOWN"
"REACTOME_SIGNALING_BY_CONSTITUTIVELY_ACTIVE_EGFR",0.1494938312367,6.20459616770861,0.000664081796286083,0.00340189141042257,"UP"
"REACTOME_SIGNALING_BY_NOTCH4",0.201792223675297,6.18785091814209,0.000674076393773212,0.00343203529756483,"UP"
"PID_ILK_PATHWAY",-0.155764063366161,-6.17395919257776,0.000682497685886908,0.0034538519255489,"DOWN"
"KEGG_ARACHIDONIC_ACID_METABOLISM",0.277471562809582,6.14474643306038,0.000700599705858077,0.00352410093006924,"UP"
"REACTOME_FORMATION_OF_FIBRIN_CLOT_CLOTTING_CASCADE",0.223539545599719,6.13598054561677,0.00070613754210849,0.00353068771054245,"UP"
"KEGG_GAP_JUNCTION",0.140816989447328,6.09869837678933,0.00073025269480409,0.00361393357551832,"UP"
"NABA_ECM_AFFILIATED",0.110310886719017,6.09689474470159,0.000731442843428259,0.00361393357551832,"UP"
"PID_S1P_S1P1_PATHWAY",0.143247489058619,6.07335204177789,0.000747181566956584,0.00365352831623951,"UP"
"KEGG_NOTCH_SIGNALING_PATHWAY",0.0988595897125217,6.07183685646357,0.000748207595301744,0.00365352831623951,"UP"
"KEGG_LONG_TERM_DEPRESSION",0.232751797820123,6.01605275821378,0.000787120073089173,0.00382119337807825,"UP"
"BIOCARTA_EIF2_PATHWAY",-0.154362529663472,-5.9873026148291,0.000808068858442445,0.00390021674450544,"DOWN"
"REACTOME_IMMUNE_SYSTEM",0.107719188817675,5.96611097292568,0.000823915530484236,0.00395384751697895,"UP"
"BIOCARTA_PML_PATHWAY",0.108514315871633,5.95912773571989,0.000829214482782432,0.00395653767499046,"UP"
"BIOCARTA_EGFR_SMRTE_PATHWAY",-0.172848629346868,-5.93958678878407,0.00084424905539514,0.00400538614349399,"DOWN"
"PID_BARD1_PATHWAY",-0.121705559118319,-5.93334612698799,0.00084911552949451,0.00400571450354755,"DOWN"
"KEGG_TYROSINE_METABOLISM",0.288802740786822,5.87461852033739,0.00089650391707353,0.00420550994806965,"UP"
"PID_ECADHERIN_NASCENT_AJ_PATHWAY",-0.0977973422080194,-5.85275436929034,0.00091490728702694,0.00424722256718401,"DOWN"
"ST_TUMOR_NECROSIS_FACTOR_PATHWAY",0.177873388768125,5.85197760564227,0.000915568936638469,0.00424722256718401,"UP"
"KEGG_PHENYLALANINE_METABOLISM",0.520254121525461,5.8026512872111,0.000958718022364176,0.00442276619380695,"UP"
"BIOCARTA_NO1_PATHWAY",0.160169345295988,5.79678193767217,0.000964004128470498,0.00442276619380695,"UP"
"REACTOME_INHIBITION_OF_THE_PROTEOLYTIC_ACTIVITY_OF_APC_C_REQUIRED_FOR_THE_ONSET_OF_ANAPHASE_BY_MITOTIC_SPINDLE_CHECKPOINT_COMPONENTS",-0.13399732228545,-5.77586921185457,0.000983109097676893,0.00448577101945467,"DOWN"
"REACTOME_INNATE_IMMUNE_SYSTEM",0.104090550959958,5.75944428355035,0.000998415330081294,0.00453085217727109,"UP"
"REACTOME_INSULIN_SYNTHESIS_AND_PROCESSING",0.17295741784414,5.72808823233395,0.00102839162271601,0.00464165948631281,"UP"
"BIOCARTA_MPR_PATHWAY",0.110114134252842,5.70450157953414,0.0010516129592092,0.00472095065021336,"UP"
"KEGG_RETINOL_METABOLISM",0.23161109210827,5.69249335787693,0.00106366298558286,0.00474951119230849,"UP"
"REACTOME_SYNTHESIS_OF_PIPS_AT_THE_PLASMA_MEMBRANE",0.118348228992079,5.6438551804842,0.00111409621639014,0.0049482464930094,"UP"
"KEGG_AXON_GUIDANCE",0.120318559435746,5.63058211996088,0.00112832559900109,0.0049849305564334,"UP"
"PID_HNF3B_PATHWAY",0.21196674274984,5.59768761794489,0.00116448548697978,0.00511760727172692,"UP"
"REACTOME_G_ALPHA1213_SIGNALLING_EVENTS",0.136871134860143,5.57116607728293,0.00119459636504686,0.00522245007756087,"UP"
"KEGG_GLIOMA",-0.21973150008227,-5.55909712992794,0.00120858964800452,0.00525610602126967,"DOWN"
"KEGG_CIRCADIAN_RHYTHM_MAMMAL",0.261697819132976,5.52916886989685,0.00124409707105996,0.00538249250950812,"UP"
"SIG_BCR_SIGNALING_PATHWAY",-0.120186128249978,-5.51644233985791,0.00125955250146595,0.00541899813499316,"DOWN"
"BIOCARTA_CCR5_PATHWAY",-0.205118611659265,-5.51158013408618,0.00126551453451936,0.00541899813499316,"DOWN"
"KEGG_PROXIMAL_TUBULE_BICARBONATE_RECLAMATION",0.0991591753582116,5.48899346011073,0.001293632114164,0.00549049099694709,"UP"
"ST_GA12_PATHWAY",-0.12148329297418,-5.4876225386471,0.00129536134898033,0.00549049099694709,"DOWN"
"PID_PI3KCI_PATHWAY",-0.130118333092011,-5.45318033276865,0.00133967517038525,0.00564964023874588,"DOWN"
"REACTOME_ANTIVIRAL_MECHANISM_BY_IFN_STIMULATED_GENES",0.221020938185499,5.43583909370821,0.00136263360357975,0.00571758321100047,"UP"
"BIOCARTA_CALCINEURIN_PATHWAY",-0.131360958429918,-5.42000466949379,0.00138398618119417,0.00577814230648568,"DOWN"
"PID_ATM_PATHWAY",-0.127168304065782,-5.40367539130442,0.00140640300177561,0.00584251993274943,"DOWN"
"ST_G_ALPHA_S_PATHWAY",-0.151809032057227,-5.39208485929432,0.00142256347460137,0.00588039852124823,"DOWN"
"NABA_PROTEOGLYCANS",0.113929689972443,5.3789002145977,0.0014412022145378,0.00592809777901018,"UP"
"REACTOME_SEMAPHORIN_INTERACTIONS",0.118117109309705,5.36785167830402,0.00145703383651066,0.00596181643402204,"UP"
"REACTOME_CELL_CELL_COMMUNICATION",0.0859857790247567,5.36325417318503,0.00146367948380182,0.00596181643402204,"UP"
"PID_BETA_CATENIN_DEG_PATHWAY",0.136847295671386,5.35407114732612,0.00147705620280058,0.00598709674436158,"UP"
"REACTOME_RAS_ACTIVATION_UOPN_CA2_INFUX_THROUGH_NMDA_RECEPTOR",0.188537112582347,5.34551348947567,0.00148964637062182,0.00600832981466082,"UP"
"REACTOME_METABOLISM_OF_NON_CODING_RNA",-0.127289476783886,-5.34076428439846,0.00149668575023886,0.00600832981466082,"DOWN"
"BIOCARTA_RELA_PATHWAY",0.242376272408652,5.30076929386801,0.00155748049368435,0.00621787333018848,"UP"
"BIOCARTA_TEL_PATHWAY",-0.104671276925488,-5.29672834217169,0.00156377652615519,0.00621787333018848,"DOWN"
"PID_RETINOIC_ACID_PATHWAY",-0.127788608254238,-5.28357844576018,0.00158446454751623,0.00625400730298154,"DOWN"
"PID_NFKAPPAB_CANONICAL_PATHWAY",0.180816155997406,5.28144893634652,0.00158784377033783,0.00625400730298154,"UP"
"KEGG_MELANOMA",-0.199897224497263,-5.27274163551132,0.00160174588200814,0.00627914465482064,"DOWN"
"BIOCARTA_TFF_PATHWAY",0.148822041665973,5.24191403280389,0.00165208104210353,0.00644620406615163,"UP"
"PID_INTEGRIN1_PATHWAY",0.0879740777540008,5.22743716315719,0.00167633289804962,0.0065104091621927,"UP"
"BIOCARTA_MAL_PATHWAY",-0.107454083499582,-5.20755518316791,0.00171029674239367,0.00658306920309922,"DOWN"
"KEGG_LEUKOCYTE_TRANSENDOTHELIAL_MIGRATION",-0.0887484129017326,-5.20725838492884,0.00171080960128447,0.00658306920309922,"DOWN"
"REACTOME_NUCLEAR_EVENTS_KINASE_AND_TRANSCRIPTION_FACTOR_ACTIVATION",0.128986911708392,5.17869920102938,0.00176098019719534,0.00669435505427515,"UP"
"BIOCARTA_AKAP95_PATHWAY",-0.0971955640276386,-5.17755043069777,0.00176303270580913,0.00669435505427515,"DOWN"
"PID_TOLL_ENDOGENOUS_PATHWAY",0.11832916681592,5.17186913276669,0.00177322322487077,0.00669435505427515,"UP"
"PID_ECADHERIN_KERATINOCYTE_PATHWAY",-0.132993485798923,-5.16853505096056,0.00177923446872255,0.00669435505427515,"DOWN"
"REACTOME_BMAL1_CLOCK_NPAS2_ACTIVATES_CIRCADIAN_EXPRESSION",0.216384600764291,5.16821287764184,0.0017798165533522,0.00669435505427515,"UP"
"PID_P53_REGULATION_PATHWAY",-0.0967114061861733,-5.13916503808031,0.00183319176734018,0.00685540371805142,"DOWN"
"REACTOME_N_GLYCAN_ANTENNAE_ELONGATION",-0.242142486988587,-5.13603269993418,0.00183905441059104,0.00685540371805142,"DOWN"
"BIOCARTA_ARENRF2_PATHWAY",-0.268049581545904,-5.1253480574833,0.00185921188941805,0.00688750471485808,"DOWN"
"PID_IFNG_PATHWAY",0.100446521207959,5.12274367027898,0.00186416295276398,0.00688750471485808,"UP"
"PID_SYNDECAN_3_PATHWAY",0.104235227131497,5.11484212601774,0.00187927532309432,0.00691275284045707,"UP"
"PID_TNF_PATHWAY",0.0962344216843573,5.09556066541958,0.0019167356404643,0.00701962394643725,"UP"
"BIOCARTA_EIF_PATHWAY",-0.10698416975255,-5.08623633693283,0.00193515235751612,0.00705612322500419,"DOWN"
"PID_CDC42_PATHWAY",0.0889166236382162,5.04086028142052,0.00202766910160368,0.00733539166079029,"UP"
"REACTOME_GLYCEROPHOSPHOLIPID_BIOSYNTHESIS",-0.109039331795406,-5.04007572781616,0.0020293119444821,0.00733539166079029,"DOWN"
"PID_TCPTP_PATHWAY",0.123407387079468,5.026803661192,0.00205733181442997,0.0074046209700389,"UP"
"BIOCARTA_MCM_PATHWAY",-0.168090457494736,-5.00299715589749,0.00210869013026484,0.0075568938144684,"DOWN"
"REACTOME_INHIBITION_OF_REPLICATION_INITIATION_OF_DAMAGED_DNA_BY_RB1_E2F1",-0.175919031495728,-4.99370691596882,0.00212912239725966,0.00759750940902486,"DOWN"
"PID_P38_ALPHA_BETA_DOWNSTREAM_PATHWAY",0.0939128584332301,4.97462143877176,0.00217180044443947,0.00770014806447027,"UP"
"BIOCARTA_AGPCR_PATHWAY",-0.135117180724472,-4.9726209651546,0.00217632927331136,0.00770014806447027,"DOWN"
"BIOCARTA_CBL_PATHWAY",-0.206064096239896,-4.96164604341061,0.00220136500210383,0.0077558640369481,"DOWN"
"REACTOME_PROCESSIVE_SYNTHESIS_ON_THE_LAGGING_STRAND",-0.148100833539921,-4.93722351315769,0.00225824833464601,0.00792284604802277,"DOWN"
"PID_IL2_1PATHWAY",0.103027348252092,4.92528463192535,0.00228665586867771,0.00798715999780467,"UP"
"PID_SYNDECAN_1_PATHWAY",0.219100407147121,4.92151418319554,0.00229571065805164,0.00798715999780467,"UP"
"REACTOME_ACTIVATED_AMPK_STIMULATES_FATTY_ACID_OXIDATION_IN_MUSCLE",0.133124523006343,4.89807290545517,0.00235291803083235,0.00815222637238593,"UP"
"REACTOME_REPAIR_SYNTHESIS_FOR_GAP_FILLING_BY_DNA_POL_IN_TC_NER",-0.14165961885275,-4.88409473191166,0.00238779310660768,0.00823887290916287,"DOWN"
"REACTOME_KERATAN_SULFATE_BIOSYNTHESIS",-0.103096411195685,-4.85226993282184,0.0024693833015902,0.00848407034956837,"DOWN"
"KEGG_REGULATION_OF_ACTIN_CYTOSKELETON",0.103442449052314,4.84852926378483,0.00247917744346668,0.00848407034956837,"UP"
"PID_FGF_PATHWAY",0.0940281383651308,4.83434728841739,0.00251670834097987,0.0085773529172171,"UP"
"ST_FAS_SIGNALING_PATHWAY",-0.076857585079142,-4.80119626342801,0.00260695385565714,0.00884880678647851,"DOWN"
"BIOCARTA_SPPA_PATHWAY",-0.108638631366136,-4.78037848843372,0.00266548064954131,0.00901083539419836,"DOWN"
"PID_SYNDECAN_4_PATHWAY",0.0816021626176781,4.75640828927529,0.00273470477099547,0.00920757453137588,"UP"
"REACTOME_BASE_EXCISION_REPAIR",-0.117038981785939,-4.74953801831687,0.00275491598509292,0.00923837288173732,"DOWN"
"BIOCARTA_MITOCHONDRIA_PATHWAY",-0.0909841350623171,-4.74103299272224,0.00278016896163533,0.00926459269461155,"DOWN"
"PID_HEDGEHOG_GLI_PATHWAY",0.091551070933322,4.73944073738136,0.00278492546867964,0.00926459269461155,"UP"
"BIOCARTA_ATRBRCA_PATHWAY",-0.092523957692912,-4.73064756942972,0.00281135810286945,0.00931541276149201,"DOWN"
"KEGG_SELENOAMINO_ACID_METABOLISM",-0.16287738921818,-4.63096350309177,0.00313153757395591,0.0103353117559414,"NONE"
"PID_MYC_REPRESS_PATHWAY",0.0966997048170096,4.62468682028361,0.00315302622173496,0.0103652633667271,"NONE"
"REACTOME_GLYCOGEN_BREAKDOWN_GLYCOGENOLYSIS",0.131879048658349,4.61506132901195,0.00318630142158023,0.0104330400463905,"NONE"
"REACTOME_MRNA_SPLICING_MINOR_PATHWAY",-0.0858998442114282,-4.61152285184937,0.00319863263697722,0.0104330400463905,"NONE"
"KEGG_P53_SIGNALING_PATHWAY",-0.389302424010475,-4.55658662995423,0.00339710111535736,0.011037274051842,"NONE"
"PID_P73PATHWAY",-0.165364936645096,-4.55151667700589,0.00341610156325782,0.0110559876175205,"NONE"
"REACTOME_NOD1_2_SIGNALING_PATHWAY",0.111833081519396,4.52066400616719,0.00353432288706113,0.0113944386513361,"NONE"
"PID_P53_DOWNSTREAM_PATHWAY",-0.248219725082152,-4.49656430863282,0.00362985545578333,0.0116574204060734,"NONE"
"BIOCARTA_IL10_PATHWAY",0.229269838796708,4.48407710564732,0.00368048889901203,0.0117747441788316,"NONE"
"REACTOME_POTASSIUM_CHANNELS",-0.124747481291226,-4.4618225575139,0.00377269712857373,0.0119279170724546,"NONE"
"BIOCARTA_NKCELLS_PATHWAY",0.0955905038572579,4.46113093974729,0.00377560382586565,0.0119279170724546,"NONE"
"REACTOME_MHC_CLASS_II_ANTIGEN_PRESENTATION",0.158621877990104,4.4578597086797,0.0037893859585203,0.0119279170724546,"NONE"
"BIOCARTA_CTCF_PATHWAY",-0.252924844008608,-4.45316581853416,0.00380926028070944,0.0119279170724546,"NONE"
"REACTOME_PRE_NOTCH_TRANSCRIPTION_AND_TRANSLATION",-0.221789670224413,-4.45306348719618,0.00380969485578168,0.0119279170724546,"NONE"
"PID_EPHRINB_REV_PATHWAY",-0.148134911882719,-4.45203245552396,0.00381407647706032,0.0119279170724546,"NONE"
"REACTOME_PLATELET_SENSITIZATION_BY_LDL",0.104280118416797,4.43379714135051,0.00389251005346167,0.0121277831889571,"NONE"
"REACTOME_BRANCHED_CHAIN_AMINO_ACID_CATABOLISM",-0.21766399975639,-4.42742838127471,0.00392032664448399,0.0121690436733982,"NONE"
"REACTOME_METABOLISM_OF_NUCLEOTIDES",-0.255344172356956,-4.41338550105921,0.00398244931155718,0.0123160932412972,"NONE"
"REACTOME_PEROXISOMAL_LIPID_METABOLISM",0.190630854916789,4.39644174381976,0.00405887321232674,0.0125061222593831,"NONE"
"REACTOME_SLBP_DEPENDENT_PROCESSING_OF_REPLICATION_DEPENDENT_HISTONE_PRE_MRNAS",-0.151597653373827,-4.38951343102949,0.00409059361820721,0.0125575208500111,"NONE"
"PID_RHOA_REG_PATHWAY",0.112138467353467,4.370731665476,0.00417798463109747,0.0127788174614153,"NONE"
"REACTOME_NETRIN1_SIGNALING",0.134101518720122,4.35241599762742,0.00426521850958855,0.0129804158944796,"NONE"
"KEGG_ANTIGEN_PROCESSING_AND_PRESENTATION",0.16995107883347,4.34945023103631,0.00427953417727989,0.0129804158944796,"NONE"
"REACTOME_SMAD2_SMAD3_SMAD4_HETEROTRIMER_REGULATES_TRANSCRIPTION",-0.194530287133896,-4.34717918910471,0.00429053267889386,0.0129804158944796,"NONE"
"REACTOME_ACTIVATED_TAK1_MEDIATES_P38_MAPK_ACTIVATION",0.11826537248791,4.34242910251148,0.00431363914411822,0.0130032082503203,"NONE"
"REACTOME_CALNEXIN_CALRETICULIN_CYCLE",-0.148514548555645,-4.33487127926397,0.00435069038699612,0.0130677211264092,"NONE"
"REACTOME_MEIOSIS",0.110868469536538,4.31743788206125,0.00443751683228052,0.0132807403403377,"NONE"
"PID_REELIN_PATHWAY",0.208776729339838,4.3088690685867,0.00448090060892994,0.0133626857444875,"NONE"
"BIOCARTA_ATM_PATHWAY",-0.0935369608814213,-4.28021393553798,0.0046294525650619,0.0137565583339028,"NONE"
"REACTOME_EARLY_PHASE_OF_HIV_LIFE_CYCLE",-0.202784576669961,-4.27411891253356,0.00466175317316966,0.013768305140657,"NONE"
"BIOCARTA_RAB_PATHWAY",0.104895763040828,4.27324901305586,0.00466638365845022,0.013768305140657,"NONE"
"KEGG_ENDOCYTOSIS",0.0775823473415215,4.26986071750207,0.00468446852346116,0.0137729972432749,"NONE"
"BIOCARTA_GH_PATHWAY",-0.103124774456674,-4.25281049694786,0.00477666672283642,0.0139947954862049,"NONE"
"REACTOME_MITOCHONDRIAL_PROTEIN_IMPORT",-0.19092736897677,-4.21405427130401,0.00499385285797394,0.0145393977827766,"NONE"
"REACTOME_IMMUNOREGULATORY_INTERACTIONS_BETWEEN_A_LYMPHOID_AND_A_NON_LYMPHOID_CELL",0.126842625427429,4.21344151557541,0.00499737384869089,0.0145393977827766,"NONE"
"REACTOME_CLASS_I_MHC_MEDIATED_ANTIGEN_PROCESSING_PRESENTATION",0.0727841986240449,4.19192199849445,0.00512279857188915,0.0148525583594703,"NONE"
"REACTOME_ALPHA_LINOLENIC_ACID_ALA_METABOLISM",0.218420733473318,4.15589236456765,0.00534071318073281,0.015430780297273,"NONE"
"KEGG_PROSTATE_CANCER",-0.075408067605678,-4.1476869499767,0.00539177049269462,0.0155245805565517,"NONE"
"PID_IL12_2PATHWAY",0.0918636464650604,4.1315939013506,0.00549349145704048,0.0157631112255285,"NONE"
"BIOCARTA_CK1_PATHWAY",0.214361199255271,4.12661876998368,0.00552536863044687,0.0158002835836409,"NONE"
"REACTOME_G0_AND_EARLY_G1",-0.161845663467442,-4.11966567239795,0.005570264248157,0.0158743025502085,"NONE"
"KEGG_COLORECTAL_CANCER",-0.199439980398827,-4.09371258836368,0.00574145772683914,0.0162958946456819,"NONE"
"BIOCARTA_RNA_PATHWAY",0.194569569132147,4.08939403068575,0.00577050741849868,0.0162958946456819,"NONE"
"REACTOME_DCC_MEDIATED_ATTRACTIVE_SIGNALING",-0.148259002837561,-4.08846940868759,0.00577674828158304,0.0162958946456819,"NONE"
"ST_MYOCYTE_AD_PATHWAY",-0.148926786955589,-4.05969304123109,0.00597477582757203,0.0167977704243187,"NONE"
"REACTOME_ANTIGEN_PRESENTATION_FOLDING_ASSEMBLY_AND_PEPTIDE_LOADING_OF_CLASS_I_MHC",0.228102621556313,4.04783561814306,0.00605855698971645,0.0168794664978405,"NONE"
"KEGG_PEROXISOME",0.193454976148066,4.04676304647431,0.00606619955368889,0.0168794664978405,"NONE"
"PID_INTEGRIN_A4B1_PATHWAY",0.160183463446665,4.04570978116325,0.00607371496503809,0.0168794664978405,"NONE"
"PID_UPA_UPAR_PATHWAY",-0.0716724496041945,-4.04417370756024,0.00608469391119759,0.0168794664978405,"NONE"
"BIOCARTA_PTEN_PATHWAY",0.163835009968717,4.02683166831683,0.00621018430256973,0.0171705426908799,"NONE"
"REACTOME_OTHER_SEMAPHORIN_INTERACTIONS",0.0857689603503922,4.00703033168,0.00635699364814196,0.0175184478422394,"NONE"
"PID_HIF1_TFPATHWAY",-0.0911214223604163,-3.99277877993902,0.00646503801141308,0.01775758795898,"NONE"
"REACTOME_EFFECTS_OF_PIP2_HYDROLYSIS",-0.131824189036399,-3.97717384327822,0.00658568359377725,0.0180233955662164,"NONE"
"REACTOME_CGMP_EFFECTS",0.156767563157988,3.97470724383052,0.00660498089013439,0.0180233955662164,"NONE"
"NABA_BASEMENT_MEMBRANES",-0.082753938214235,-3.95975618315419,0.00672329916895729,0.0182864977396721,"NONE"
"REACTOME_MEMBRANE_TRAFFICKING",0.0879923341253284,3.95205550520369,0.00678515487217861,0.0183424773403516,"NONE"
"PID_P75_NTR_PATHWAY",0.148431841765817,3.95172608468289,0.00678781496786665,0.0183424773403516,"NONE"
"KEGG_ARGININE_AND_PROLINE_METABOLISM",0.266753007391464,3.93881642515291,0.00689297667470009,0.0185665662044341,"NONE"
"REACTOME_METABOLISM_OF_PROTEINS",-0.113706119041322,-3.93283760111288,0.00694229029463893,0.0186392681544164,"NONE"
"KEGG_GLYCINE_SERINE_AND_THREONINE_METABOLISM",0.324486612739563,3.90525003907917,0.00717495022812863,0.0192021905143827,"NONE"
"BIOCARTA_BIOPEPTIDES_PATHWAY",0.106940779847615,3.87883020685762,0.00740587505257872,0.0197568871210966,"NONE"
"ST_WNT_BETA_CATENIN_PATHWAY",0.112496672875343,3.86367731548937,0.00754202201940265,0.0200560139687937,"NONE"
"PID_VEGFR1_PATHWAY",-0.0986032500831531,-3.8597803038462,0.00757748202419773,0.0200863412387464,"NONE"
"REACTOME_CELL_CYCLE_CHECKPOINTS",-0.0959635228783647,-3.85254051232598,0.00764384923006124,0.0201981459085479,"NONE"
"SA_B_CELL_RECEPTOR_COMPLEXES",-0.0892784206065454,-3.84454275540644,0.00771791261184795,0.0203295174476121,"NONE"
"PID_INSULIN_GLUCOSE_PATHWAY",-0.121551908384902,-3.83693062122796,0.0077891421895228,0.0204526217869545,"NONE"
"PID_NFAT_TFPATHWAY",-0.139541809363428,-3.83369648529253,0.00781962482670566,0.0204682969601857,"NONE"
"REACTOME_HDL_MEDIATED_LIPID_TRANSPORT",-0.109359273144308,-3.82615198627997,0.00789124748464946,0.0205912239052572,"NONE"
"KEGG_PYRIMIDINE_METABOLISM",-0.143263334221059,-3.80325115007468,0.00811312923557572,0.0210805287192806,"NONE"
"REACTOME_NRIF_SIGNALS_CELL_DEATH_FROM_THE_NUCLEUS",0.081920154466994,3.80161353044541,0.00812925778156688,0.0210805287192806,"NONE"
"KEGG_SYSTEMIC_LUPUS_ERYTHEMATOSUS",0.0994901137204474,3.78887028054408,0.00825597942824114,0.0213428570358556,"NONE"
"PID_HIF1A_PATHWAY",0.0836591357116097,3.74492780829666,0.00870995771886233,0.0224469589359569,"NONE"
"PID_INTEGRIN5_PATHWAY",0.175166328623627,3.72517421984256,0.0089229481342235,0.0229251128986973,"NONE"
"PID_IL2_PI3K_PATHWAY",-0.0998199789949442,-3.72070459741637,0.00897193365122584,0.0229802595054404,"NONE"
"REACTOME_IONOTROPIC_ACTIVITY_OF_KAINATE_RECEPTORS",-0.232131078949013,-3.70711623102689,0.00912268646744713,0.0232949333343069,"NONE"
"PID_TRKR_PATHWAY",0.0678252622055504,3.70454907887961,0.00915147934852647,0.0232972111464012,"NONE"
"KEGG_CYSTEINE_AND_METHIONINE_METABOLISM",-0.188734314876403,-3.69631906626627,0.00924446314887156,0.0234149386108109,"NONE"
"REACTOME_DEVELOPMENTAL_BIOLOGY",0.0647627345343078,3.69549699112722,0.00925380807373366,0.0234149386108109,"NONE"
"KEGG_WNT_SIGNALING_PATHWAY",-0.123426568530199,-3.68940352809439,0.0093234006104915,0.0235197568270707,"NONE"
"REACTOME_MTORC1_MEDIATED_SIGNALLING",-0.15822780939956,-3.68104556500126,0.00941979471991319,0.0236664126872297,"NONE"
"PID_AR_NONGENOMIC_PATHWAY",0.0662003771146601,3.67945852311704,0.00943822206568561,0.0236664126872297,"NONE"
"REACTOME_SIGNALING_BY_SCF_KIT",-0.0705775947662673,-3.67161943528654,0.00952982669247263,0.0238245667311816,"NONE"
"BIOCARTA_VDR_PATHWAY",0.189850838566694,3.65927436965057,0.00967607666527116,0.0241179821358251,"NONE"
"PID_AR_TF_PATHWAY",-0.190714741963579,-3.64254802285029,0.00987818504720495,0.0245484658167147,"NONE"
"ST_P38_MAPK_PATHWAY",-0.0647602571360061,-3.61884451080507,0.0101725956523205,0.0252050960524855,"NONE"
"KEGG_BIOSYNTHESIS_OF_UNSATURATED_FATTY_ACIDS",0.275456427882592,3.59657105354281,0.010458052939518,0.025771765347926,"NONE"
"KEGG_FC_EPSILON_RI_SIGNALING_PATHWAY",-0.0826084543774772,-3.59602101908506,0.0104652126483466,0.025771765347926,"NONE"
"WNT_SIGNALING",-0.0979584414426631,-3.59382186850378,0.0104938924769998,0.025771765347926,"NONE"
"KEGG_STEROID_BIOSYNTHESIS",0.820389905444973,3.57368529256738,0.0107605506705915,0.0263491490027681,"NONE"
"BIOCARTA_HCMV_PATHWAY",-0.0693716324690477,-3.54481042874582,0.011155994528426,0.0272375889802213,"NONE"
"BIOCARTA_MAPK_PATHWAY",0.115633910451089,3.53549797926301,0.0112869081885957,0.0274768756194676,"NONE"
"KEGG_FC_GAMMA_R_MEDIATED_PHAGOCYTOSIS",0.0847680958062773,3.51653554149464,0.0115587190170828,0.0280567743583259,"NONE"
"PID_GLYPICAN_1PATHWAY",-0.122887787116474,-3.50643625044633,0.0117064059483469,0.028332895556144,"NONE"
"KEGG_TOLL_LIKE_RECEPTOR_SIGNALING_PATHWAY",0.0976847233197565,3.5040770257608,0.0117412032028755,0.0283349846080955,"NONE"
"PID_AJDISS_2PATHWAY",-0.0739567858006749,-3.49936457117557,0.0118110490371057,0.028421400420701,"NONE"
"PID_BETA_CATENIN_NUC_PATHWAY",-0.151572288154503,-3.4807778265721,0.0120910041777263,0.0289324963403141,"NONE"
"BIOCARTA_GSK3_PATHWAY",-0.168881874732929,-3.48066379643574,0.0120927439793648,0.0289324963403141,"NONE"
"KEGG_ONE_CARBON_POOL_BY_FOLATE",-0.187876864119644,-3.46985343717307,0.0122589330804146,0.0292463117775605,"NONE"
"KEGG_JAK_STAT_SIGNALING_PATHWAY",-0.0697593549670349,-3.46448332195515,0.0123424166324504,0.0293615894247751,"NONE"
"REACTOME_LYSOSOME_VESICLE_BIOGENESIS",0.106867537328548,3.45992628973302,0.0124137481501807,0.029447385526707,"NONE"
"REACTOME_EXTRACELLULAR_MATRIX_ORGANIZATION",0.09635670923191,3.43655004214203,0.0127868200234565,0.0302464439648333,"NONE"
"KEGG_REGULATION_OF_AUTOPHAGY",0.136191833783224,3.42207277161242,0.013024006701909,0.0307204677855762,"NONE"
"REACTOME_CHOLESTEROL_BIOSYNTHESIS",0.846194388551014,3.40218930698375,0.0133576370892778,0.0314186675198505,"NONE"
"REACTOME_MYOGENESIS",0.0640291786493676,3.39771433665818,0.0134340040532487,0.0315095319788278,"NONE"
"PID_HEDGEHOG_2PATHWAY",-0.150340300320917,-3.38609669465685,0.0136344981246491,0.0318028709733462,"NONE"
"REACTOME_RNA_POL_I_TRANSCRIPTION",0.0645396570141274,3.38605388800462,0.0136352428843808,0.0318028709733462,"NONE"
"KEGG_STEROID_HORMONE_BIOSYNTHESIS",0.125740914140136,3.38306911846661,0.0136872822458301,0.0318277904647864,"NONE"
"REACTOME_CYTOCHROME_P450_ARRANGED_BY_SUBSTRATE_TYPE",-0.239320406304136,-3.38107552933195,0.0137221611584708,0.0318277904647864,"NONE"
"KEGG_TRYPTOPHAN_METABOLISM",0.296020974323248,3.37590577474281,0.0138130616095511,0.0319498793461915,"NONE"
"BIOCARTA_SHH_PATHWAY",0.143572458947367,3.37047056433212,0.0139093387936394,0.0320836958361572,"NONE"
"REACTOME_PLATELET_ACTIVATION_SIGNALING_AND_AGGREGATION",-0.0635806939702981,-3.35920739194337,0.0141111893650823,0.0324596229196796,"NONE"
"PID_PDGFRB_PATHWAY",0.0553614877551967,3.35095464570536,0.0142611171775709,0.032714375943054,"NONE"
"REACTOME_BIOLOGICAL_OXIDATIONS",0.0694410243129648,3.34598249917583,0.0143522842822095,0.0327202511646356,"NONE"
"KEGG_OOCYTE_MEIOSIS",-0.0710779694829817,-3.34480132968491,0.0143740349768879,0.0327202511646356,"NONE"
"REACTOME_CELL_CYCLE",-0.058180864570842,-3.34353309783545,0.0143974289025382,0.0327202511646356,"NONE"
"PID_GMCSF_PATHWAY",0.0729446401604407,3.34228877927432,0.0144204220701627,0.0327202511646356,"NONE"
"KEGG_NATURAL_KILLER_CELL_MEDIATED_CYTOTOXICITY",-0.0838733167750092,-3.33702335637432,0.0145181633700978,0.032852754509571,"NONE"
"ST_B_CELL_ANTIGEN_RECEPTOR",-0.10958435548255,-3.33151302389001,0.0146212247433526,0.0329965477316199,"NONE"
"PID_VEGFR1_2_PATHWAY",0.0841602554739607,3.32639416360147,0.0147176789823093,0.0331246952836342,"NONE"
"REACTOME_DOWNREGULATION_OF_ERBB2_ERBB3_SIGNALING",-0.0671968816482239,-3.30807517453061,0.0150685832343192,0.0338232983888616,"NONE"
"KEGG_PURINE_METABOLISM",-0.0563545573870299,-3.30300234141406,0.0151673580691165,0.0339537372324727,"NONE"
"REACTOME_COPI_MEDIATED_TRANSPORT",0.204468584629311,3.3009064487918,0.0152083735123041,0.0339545237507325,"NONE"
"BIOCARTA_TGFB_PATHWAY",-0.18866568124011,-3.29103125235877,0.0154032570646497,0.0342979190639533,"NONE"
"BIOCARTA_AGR_PATHWAY",0.0657881046287495,3.28676198045925,0.015488349765525,0.0343956703569505,"NONE"
"KEGG_TERPENOID_BACKBONE_BIOSYNTHESIS",0.540621865640897,3.27291600407065,0.0157678580890007,0.034923505316487,"NONE"
"KEGG_T_CELL_RECEPTOR_SIGNALING_PATHWAY",0.0877523070292606,3.24935648288806,0.0162561444418861,0.0359097370607801,"NONE"
"REACTOME_TRANSCRIPTIONAL_REGULATION_OF_WHITE_ADIPOCYTE_DIFFERENTIATION",0.0993575642192103,3.23902360448546,0.016475463955572,0.0362981857596376,"NONE"
"KEGG_OTHER_GLYCAN_DEGRADATION",-0.171112004818075,-3.23311860395344,0.0166022419152409,0.0364812421032268,"NONE"
"REACTOME_METABOLISM_OF_LIPIDS_AND_LIPOPROTEINS",0.105794306021609,3.22554793891935,0.0167663334172857,0.036745113919773,"NONE"
"PID_TRAIL_PATHWAY",-0.073769182266208,-3.20923378215765,0.0171259546923827,0.037435005675758,"NONE"
"BIOCARTA_IL6_PATHWAY",0.0769190218720154,3.20135768754414,0.0173025605020195,0.0377222924782932,"NONE"
"BIOCARTA_CHEMICAL_PATHWAY",-0.063064653971189,-3.164868996907,0.018146921728997,0.0393690988609044,"NONE"
"KEGG_NUCLEOTIDE_EXCISION_REPAIR",-0.0759686103797934,-3.16464591784951,0.0181522192352673,0.0393690988609044,"NONE"
"KEGG_BASE_EXCISION_REPAIR",-0.0786572816536203,-3.15286960716059,0.0184342664233437,0.0398772343613782,"NONE"
"PID_THROMBIN_PAR1_PATHWAY",-0.0602441013636875,-3.12060516818137,0.0192316082478806,0.0414945552635151,"NONE"
"SA_PROGRAMMED_CELL_DEATH",-0.121713857751036,-3.1147274318024,0.0193808410251318,0.0417087687009924,"NONE"
"BIOCARTA_P53HYPOXIA_PATHWAY",-0.142658122746387,-3.11036112057119,0.0194925100086693,0.0418412489903313,"NONE"
"BIOCARTA_IGF1MTOR_PATHWAY",-0.0706816479471362,-3.10714025698005,0.019575329819075,0.0419112830741735,"NONE"
"REACTOME_CD28_CO_STIMULATION",-0.0944283702243339,-3.08621610908174,0.0201227119858775,0.0428984267101871,"NONE"
"REACTOME_DSCAM_INTERACTIONS",-0.129362746046141,-3.08559761246558,0.0201391416411896,0.0428984267101871,"NONE"
"REACTOME_P38MAPK_EVENTS",-0.0890811679764616,-3.0551723745069,0.0209655098663314,0.0445450400467856,"NONE"
"SIG_PIP3_SIGNALING_IN_B_LYMPHOCYTES",-0.143928690647513,-3.04684643153485,0.0211979724703915,0.0449246370882663,"NONE"
"REACTOME_HEMOSTASIS",0.049208203293466,3.03103240288602,0.0216471934772889,0.0457605229203448,"NONE"
"BIOCARTA_NFAT_PATHWAY",0.0697896850688035,3.02135514893123,0.0219271431256243,0.0462352639138795,"NONE"
"REACTOME_TRANSPORT_OF_INORGANIC_CATIONS_ANIONS_AND_AMINO_ACIDS_OLIGOPEPTIDES",-0.108585450608421,-3.01661865866469,0.0220655828023091,0.046293218903552,"NONE"
"KEGG_ADHERENS_JUNCTION",-0.090610952477258,-3.01592196067522,0.0220860254166485,0.046293218903552,"NONE"
"PID_IL27_PATHWAY",0.154755467239467,3.01473326826686,0.0221209513084039,0.046293218903552,"NONE"
"SIG_CHEMOTAXIS",0.0740133766092499,3.01122387268676,0.0222244110458458,0.0463170480122564,"NONE"
"REACTOME_HS_GAG_DEGRADATION",-0.162103364706639,-3.01058583043266,0.0222432769495986,0.0463170480122564,"NONE"
"KEGG_VEGF_SIGNALING_PATHWAY",-0.0601073963590351,-2.99990913457019,0.0225615415967436,0.0468629035653753,"NONE"
"KEGG_FOCAL_ADHESION",-0.0556630115766379,-2.98389751559107,0.0230480576435562,0.0475866933456115,"NONE"
"KEGG_LYSOSOME",0.0810051585956687,2.98344068185731,0.0230621031705749,0.0475866933456115,"NONE"
"BIOCARTA_TOB1_PATHWAY",-0.243348751812856,-2.98282747169511,0.0230809710239194,0.0475866933456115,"NONE"
"REACTOME_INSULIN_RECEPTOR_RECYCLING",0.0592941185746249,2.97601964323502,0.0232915597490208,0.047902592094661,"NONE"
"REACTOME_INSULIN_RECEPTOR_SIGNALLING_CASCADE",-0.0615091389703304,-2.96604813804791,0.0236037488063441,0.048425381457733,"NONE"
"BIOCARTA_INTEGRIN_PATHWAY",-0.0637133640469989,-2.96360652707215,0.0236808745337035,0.0484645348912805,"NONE"
"REACTOME_NEF_MEDIATES_DOWN_MODULATION_OF_CELL_SURFACE_RECEPTORS_BY_RECRUITING_THEM_TO_CLATHRIN_ADAPTERS",0.142279655788291,2.95571358137092,0.0239320554531873,0.0487767606021038,"NONE"
"BIOCARTA_AKAPCENTROSOME_PATHWAY",0.0534787054727488,2.9541435128624,0.0239823609442625,0.0487767606021038,"NONE"
"REACTOME_ACTIVATED_NOTCH1_TRANSMITS_SIGNAL_TO_THE_NUCLEUS",0.133862727572664,2.9533234560825,0.0240086809670236,0.0487767606021038,"NONE"
"PID_IL4_2PATHWAY",-0.0777484401261079,-2.93416628053208,0.0246324473134876,0.049922557055248,"NONE"
"KEGG_BASAL_CELL_CARCINOMA",-0.125984194056527,-2.91967497266295,0.0251158393449651,0.0507789972228714,"NONE"
"REACTOME_SYNTHESIS_OF_PIPS_AT_THE_GOLGI_MEMBRANE",0.0528090059819972,2.9163059515371,0.0252296725509476,0.0508859337682155,"NONE"
"REACTOME_FACTORS_INVOLVED_IN_MEGAKARYOCYTE_DEVELOPMENT_AND_PLATELET_PRODUCTION",0.0518563550987592,2.89866430101584,0.0258348528686471,0.0519809690248682,"NONE"
"REACTOME_TRANSMISSION_ACROSS_CHEMICAL_SYNAPSES",-0.0913521206039613,-2.89234382623801,0.0260554401043216,0.0522987800170879,"NONE"
"REACTOME_ACTIVATION_OF_CHAPERONES_BY_ATF6_ALPHA",0.0799301465705369,2.88582822906727,0.0262849503471922,0.0526329341484545,"NONE"
"REACTOME_AMINO_ACID_SYNTHESIS_AND_INTERCONVERSION_TRANSAMINATION",-0.193082501150084,-2.88019169067607,0.0264852425648067,0.0528495073319605,"NONE"
"REACTOME_CHROMOSOME_MAINTENANCE",-0.0576713870863166,-2.87922680458507,0.0265196929007083,0.0528495073319605,"NONE"
"REACTOME_REGULATION_OF_HYPOXIA_INDUCIBLE_FACTOR_HIF_BY_OXYGEN",0.0939693363673627,2.87324640158613,0.0267342901949664,0.0531503150304688,"NONE"
"BIOCARTA_RAC1_PATHWAY",-0.0720483969774626,-2.86763619111304,0.0269372936079864,0.0534266987236786,"NONE"
"KEGG_NOD_LIKE_RECEPTOR_SIGNALING_PATHWAY",0.0901420161473709,2.85089140749597,0.0275530634929504,0.054518502409037,"NONE"
"SIG_CD40PATHWAYMAP",0.117391614898672,2.82021479125596,0.0287205269750774,0.0566941844543491,"NONE"
"BIOCARTA_SALMONELLA_PATHWAY",0.107894238554787,2.80662020478589,0.0292546844537759,0.0576124092426954,"NONE"
"REACTOME_DNA_REPAIR",-0.0638229794834333,-2.79811583334575,0.0295942180367989,0.0581439342605343,"NONE"
"BIOCARTA_GATA3_PATHWAY",-0.0834430824250016,-2.78835665645254,0.0299890330605144,0.0587813206702571,"NONE"
"BIOCARTA_BAD_PATHWAY",-0.0864928390169534,-2.78468381024883,0.030139071362157,0.058937059923656,"NONE"
"KEGG_DRUG_METABOLISM_OTHER_ENZYMES",-0.103315193356975,-2.77678148163202,0.0304646048408797,0.0594344510330246,"NONE"
"REACTOME_GLYCOLYSIS",0.276460716880324,2.77450533789594,0.0305590628541984,0.0594797610332299,"NONE"
"PID_INTEGRIN_A9B1_PATHWAY",0.1455319839502,2.75628722970173,0.0313264271580155,0.0608315504114952,"NONE"
"REACTOME_DOWNSTREAM_SIGNALING_EVENTS_OF_B_CELL_RECEPTOR_BCR",0.0477526814221552,2.74865707288629,0.031653884682573,0.0613248113919917,"NONE"
"REACTOME_TRANSPORT_TO_THE_GOLGI_AND_SUBSEQUENT_MODIFICATION",0.0665624834982981,2.72936796298307,0.0324980362645458,0.0628144913909623,"NONE"
"PID_IL5_PATHWAY",-0.0983275185014087,-2.72309390499475,0.0327777377571435,0.0632088014485331,"NONE"
"REACTOME_SYNTHESIS_AND_INTERCONVERSION_OF_NUCLEOTIDE_DI_AND_TRIPHOSPHATES",-0.168516525037575,-2.70951059764058,0.0333920843918135,0.0642451393252632,"NONE"
"SIG_IL4RECEPTOR_IN_B_LYPHOCYTES",0.0706954420626678,2.7044707735336,0.0336231237581086,0.0645409387080935,"NONE"
"KEGG_OLFACTORY_TRANSDUCTION",-0.127697578735659,-2.68366993981177,0.0345947807196201,0.0662537658277128,"NONE"
"BIOCARTA_CARM1_PATHWAY",0.141234025820441,2.67775522940209,0.0348764728535554,0.0666404000748712,"NONE"
"REACTOME_SYNTHESIS_OF_PA",-0.180271379942019,-2.6647736924099,0.0355032784963511,0.0676831907407606,"NONE"
"BIOCARTA_IL1R_PATHWAY",-0.0848410173201087,-2.65489172953612,0.0359884113720008,0.068451761949022,"NONE"
"KEGG_ENDOMETRIAL_CANCER",-0.128614210408807,-2.63450543204174,0.0370115170881996,0.0700606247290608,"NONE"
"REACTOME_MRNA_CAPPING",0.0463631145726454,2.63318601850439,0.0370787835972524,0.0700606247290608,"NONE"
"REACTOME_ARMS_MEDIATED_ACTIVATION",0.0483322362674765,2.63304494644743,0.0370859833895148,0.0700606247290608,"NONE"
"PID_S1P_S1P3_PATHWAY",0.0548883723165305,2.63108699116897,0.0371860627593938,0.0700724635081057,"NONE"
"KEGG_TYPE_II_DIABETES_MELLITUS",-0.0971262545807829,-2.62875707309484,0.0373055265416133,0.0700724635081057,"NONE"
"REACTOME_FORMATION_OF_ATP_BY_CHEMIOSMOTIC_COUPLING",-0.240231073495598,-2.62800825143423,0.0373440074983318,0.0700724635081057,"NONE"
"KEGG_MELANOGENESIS",-0.0645582591297183,-2.60813771214677,0.0383805881476859,0.0718560338639411,"NONE"
"REACTOME_PROCESSING_OF_INTRONLESS_PRE_MRNAS",-0.0631902760737855,-2.59780955995403,0.0389313226313227,0.0727240590540368,"NONE"
"REACTOME_EGFR_DOWNREGULATION",-0.0503020545505755,-2.5911702850645,0.0392897468910579,0.0732297737813244,"NONE"
"REACTOME_FACILITATIVE_NA_INDEPENDENT_GLUCOSE_TRANSPORTERS",0.124745743157834,2.56264841386972,0.0408695121100185,0.0760045492469164,"NONE"
"REACTOME_KINESINS",0.0672243786194782,2.54144787518928,0.0420869835897072,0.0780947362164567,"NONE"
"KEGG_PATHOGENIC_ESCHERICHIA_COLI_INFECTION",0.109551688908647,2.5317897482153,0.0426541926971962,0.0789717314903744,"NONE"
"KEGG_UBIQUITIN_MEDIATED_PROTEOLYSIS",0.0428257332329959,2.52768903151845,0.0428974441515353,0.079246384660469,"NONE"
"REACTOME_NEUROTRANSMITTER_RELEASE_CYCLE",0.0457275065146901,2.52417835064322,0.0431068517300482,0.0794574419306627,"NONE"
"BIOCARTA_CARM_ER_PATHWAY",-0.064918703597751,-2.47657976715807,0.0460542192740513,0.0847032447000723,"NONE"
"BIOCARTA_FMLP_PATHWAY",0.0463340481234022,2.47184315773027,0.046358841460398,0.0850761156471041,"NONE"
"REACTOME_RECEPTOR_LIGAND_BINDING_INITIATES_THE_SECOND_PROTEOLYTIC_CLEAVAGE_OF_NOTCH_RECEPTOR",-0.0967580233903016,-2.46850968520352,0.0465744870626206,0.0852844225817723,"NONE"
"PID_ERBB_NETWORK_PATHWAY",0.12116319145365,2.45490657798426,0.047465410345422,0.0867256403466683,"NONE"
"REACTOME_CYTOSOLIC_TRNA_AMINOACYLATION",-0.168486805542919,-2.44265760652291,0.0482828746200345,0.0880266382264821,"NONE"
"PID_IL8_CXCR2_PATHWAY",-0.0854111183421142,-2.43874601986994,0.0485470075725012,0.088315362359561,"NONE"
"ST_PHOSPHOINOSITIDE_3_KINASE_PATHWAY",-0.0747705812146834,-2.43456455272863,0.048831031581608,0.0886389377622667,"NONE"
"REACTOME_ENDOSOMAL_SORTING_COMPLEX_REQUIRED_FOR_TRANSPORT_ESCRT",0.0469409069594952,2.41252168288395,0.050357176451426,0.0912109378241664,"NONE"
"PID_P38_MK2_PATHWAY",0.116524247232454,2.40914175108077,0.050595543582256,0.0914443266042938,"NONE"
"PID_TXA2PATHWAY",-0.0402458790663669,-2.40492910947834,0.0508942817175445,0.0917855836590706,"NONE"
"PID_ARF6_TRAFFICKING_PATHWAY",-0.0506692160660151,-2.40303017453649,0.0510295435979127,0.0918311829833127,"NONE"
"BIOCARTA_HIF_PATHWAY",0.0467248755679761,2.39845544550503,0.0513569410452619,0.0922216038124595,"NONE"
"PID_HNF3A_PATHWAY",-0.0592253140555886,-2.38877619940405,0.0520568702853842,0.093266968263253,"NONE"
"PID_ERBB4_PATHWAY",0.0444379801461021,2.38691324328039,0.0521927188960669,0.093266968263253,"NONE"
"KEGG_FATTY_ACID_METABOLISM",0.130777062274949,2.38579852952441,0.0522741810146137,0.093266968263253,"NONE"
"REACTOME_GROWTH_HORMONE_RECEPTOR_SIGNALING",0.0453082229653841,2.38188141886162,0.0525614884393963,0.093395458254735,"NONE"
"REACTOME_SYNTHESIS_OF_SUBSTRATES_IN_N_GLYCAN_BIOSYTHESIS",0.102850123750966,2.38176709035319,0.0525698986583538,0.093395458254735,"NONE"
"REACTOME_GLYCOSPHINGOLIPID_METABOLISM",0.0565850141890887,2.3720799342672,0.0532876032500245,0.0944515855514746,"NONE"
"REACTOME_INTERACTION_BETWEEN_L1_AND_ANKYRINS",0.076264538718775,2.37070090811278,0.05339059686263,0.0944515855514746,"NONE"
"PID_MYC_PATHWAY",0.0475862277663793,2.34290589175836,0.0555110898547443,0.0979952643313139,"NONE"
"REACTOME_TRANSPORT_OF_GLUCOSE_AND_OTHER_SUGARS_BILE_SALTS_AND_ORGANIC_ACIDS_METAL_IONS_AND_AMINE_COMPOUNDS",0.0443750007084498,2.31628303908109,0.0576239881660043,0.101510612064586,"NONE"
"BIOCARTA_PITX2_PATHWAY",0.16709038912195,2.30282274677077,0.0587237192481011,0.10323011699403,"NONE"
"BIOCARTA_AT1R_PATHWAY",-0.0412252529417809,-2.30010267471821,0.0589485733584338,0.103407686458597,"NONE"
"REACTOME_PI3K_EVENTS_IN_ERBB4_SIGNALING",-0.0795205516827174,-2.29011170821084,0.0597821253411745,0.104650051697863,"NONE"
"PID_TGFBR_PATHWAY",-0.0703074002374202,-2.28619673064104,0.0601120598045828,0.105007468487085,"NONE"
"BIOCARTA_CACAM_PATHWAY",0.0712074408696459,2.27144212218889,0.0613724560426034,0.1069853878822,"NONE"
"BIOCARTA_PTDINS_PATHWAY",0.0433261572029149,2.25715941454011,0.0626184617063546,0.108663673242032,"NONE"
"BIOCARTA_STATHMIN_PATHWAY",0.087803256250377,2.25500299592386,0.0628088331170666,0.108663673242032,"NONE"
"REACTOME_GLUCOSE_METABOLISM",0.181241990953203,2.25482695425388,0.0628244005445835,0.108663673242032,"NONE"
"REACTOME_NUCLEAR_RECEPTOR_TRANSCRIPTION_PATHWAY",0.137858510076403,2.25447254055842,0.0628557535040736,0.108663673242032,"NONE"
"KEGG_ACUTE_MYELOID_LEUKEMIA",-0.0450527028295106,-2.25143150585102,0.063125438359561,0.108904423616185,"NONE"
"BIOCARTA_CASPASE_PATHWAY",0.0725660952528343,2.24403865375437,0.0637860199872637,0.109815505413049,"NONE"
"KEGG_GLYCOSPHINGOLIPID_BIOSYNTHESIS_LACTO_AND_NEOLACTO_SERIES",0.0458518741223617,2.24258692533505,0.0639165696176547,0.109815505413049,"NONE"
"REACTOME_CS_DS_DEGRADATION",-0.0742577841530621,-2.23856408214723,0.064279767169284,0.110212742477109,"NONE"
"ST_DIFFERENTIATION_PATHWAY_IN_PC12_CELLS",-0.119598390974758,-2.21153326673488,0.0667757478089926,0.114255623528358,"NONE"
"BIOCARTA_G2_PATHWAY",-0.10002179379444,-2.21009423662542,0.0669113771321761,0.114255623528358,"NONE"
"BIOCARTA_IGF1R_PATHWAY",0.0798918829396008,2.20429444088027,0.0674608756119539,0.114958839053023,"NONE"
"REACTOME_PROCESSING_OF_CAPPED_INTRON_CONTAINING_PRE_MRNA",-0.0486378325988492,-2.19972254268169,0.0678972909004644,0.11505423696187,"NONE"
"REACTOME_INTEGRIN_CELL_SURFACE_INTERACTIONS",0.0374025952246655,2.1991001001987,0.0679569297436394,0.11505423696187,"NONE"
"PID_A6B1_A6B4_INTEGRIN_PATHWAY",0.0722537789709119,2.19810478283498,0.068052406654303,0.11505423696187,"NONE"
"PID_MET_PATHWAY",-0.0516121359565235,-2.19794219979902,0.068068015639717,0.11505423696187,"NONE"
"PID_SMAD2_3PATHWAY",-0.0743596269133726,-2.19175746581925,0.068664514841834,0.11582801998572,"NONE"
"REACTOME_ABCA_TRANSPORTERS_IN_LIPID_HOMEOSTASIS",-0.0899208500061732,-2.18058111308811,0.0697560247096838,0.117432017404407,"NONE"
"BIOCARTA_MET_PATHWAY",0.0619484078569059,2.16818746350284,0.070987150883707,0.119225905362842,"NONE"
"BIOCARTA_RHO_PATHWAY",0.0868363669325973,2.16699082437052,0.0711071866714914,0.119225905362842,"NONE"
"REACTOME_SIGNALING_BY_BMP",0.118135359659796,2.1644689812238,0.0713608327855433,0.119411413579015,"NONE"
"REACTOME_SIGNALLING_TO_RAS",-0.0858535329021552,-2.15562010593977,0.0722581673965236,0.120671139552194,"NONE"
"BIOCARTA_PS1_PATHWAY",0.104857094078423,2.14957494474386,0.0728777873198782,0.121462978866464,"NONE"
"PID_PI3KCI_AKT_PATHWAY",-0.0678740024448261,-2.14432918610526,0.0734198517504545,0.122122661776154,"NONE"
"KEGG_GLYCOSYLPHOSPHATIDYLINOSITOL_GPI_ANCHOR_BIOSYNTHESIS",0.0632291900382287,2.13083801789681,0.0748328602717026,0.124225523512667,"NONE"
"REACTOME_TAK1_ACTIVATES_NFKB_BY_PHOSPHORYLATION_AND_ACTIVATION_OF_IKKS_COMPLEX",0.0502285875541962,2.11087142133712,0.0769749495822307,0.127527942264212,"NONE"
"BIOCARTA_KERATINOCYTE_PATHWAY",-0.0475531558706017,-2.08988435022881,0.079293601022105,0.131109221491995,"NONE"
"PID_NECTIN_PATHWAY",-0.0375153044875857,-2.07870592900904,0.0805573205114354,0.13267380235891,"NONE"
"BIOCARTA_DEATH_PATHWAY",0.0696538670260107,2.07870324735075,0.080557626102955,0.13267380235891,"NONE"
"KEGG_GLYCOSAMINOGLYCAN_BIOSYNTHESIS_KERATAN_SULFATE",-0.0520004698084302,-2.05665733788352,0.0831098812453074,0.136607777243763,"NONE"
"REACTOME_ASSOCIATION_OF_TRIC_CCT_WITH_TARGET_PROTEINS_DURING_BIOSYNTHESIS",-0.0820785244917439,-2.03912255188063,0.0851979941941904,0.139413340802362,"NONE"
"BIOCARTA_RANKL_PATHWAY",0.0621817781043104,2.03884743376133,0.0852311739124826,0.139413340802362,"NONE"
"REACTOME_CTNNB1_PHOSPHORYLATION_CASCADE",0.0667758361794167,2.03813110566707,0.0853176253293496,0.139413340802362,"NONE"
"REACTOME_RECYCLING_PATHWAY_OF_L1",-0.0576480171809132,-2.03386518884223,0.0858342958674021,0.139983666111876,"NONE"
"KEGG_GLYOXYLATE_AND_DICARBOXYLATE_METABOLISM",-0.157493081108915,-2.02860518421742,0.0864757006890606,0.140754795468549,"NONE"
"PID_PS1_PATHWAY",0.066454835552385,2.02570373376778,0.086831563127816,0.141059056832152,"NONE"
"PID_CDC42_REG_PATHWAY",-0.0481134381412913,-2.01681936567854,0.0879304053928899,0.142566773792356,"NONE"
"REACTOME_ACTIVATION_OF_CHAPERONE_GENES_BY_XBP1S",0.0741306740004569,2.00624486564096,0.0892564972631421,0.144400257691499,"NONE"
"REACTOME_OPIOID_SIGNALLING",0.049877036676258,2.00505386479388,0.0894071056604853,0.144400257691499,"NONE"
"REACTOME_CELL_EXTRACELLULAR_MATRIX_INTERACTIONS",0.151270479409014,1.98719315247208,0.0916964692038447,0.147811876033225,"NONE"
"BIOCARTA_PGC1A_PATHWAY",0.0539487188269218,1.9753037022012,0.0932528741590531,0.150031117384989,"NONE"
"BIOCARTA_P38MAPK_PATHWAY",0.0504457322584199,1.96707045844959,0.0943460998228832,0.151314811401158,"NONE"
"KEGG_LONG_TERM_POTENTIATION",-0.0780420533467913,-1.96656827127921,0.0944131937006026,0.151314811401158,"NONE"
"PID_PLK1_PATHWAY",-0.0371578642644188,-1.95856104219556,0.0954894397517318,0.152746517610529,"NONE"
"PID_NCADHERIN_PATHWAY",0.0828134663629538,1.92307108550873,0.100408623741534,0.160308223373194,"NONE"
"REACTOME_MITOCHONDRIAL_TRNA_AMINOACYLATION",-0.134755212124283,-1.88652517782483,0.105737093214637,0.1684932687676,"NONE"
"REACTOME_GPVI_MEDIATED_ACTIVATION_CASCADE",-0.0744056880125732,-1.87979630704256,0.106748235658462,0.169741552191944,"NONE"
"REACTOME_TRANSMEMBRANE_TRANSPORT_OF_SMALL_MOLECULES",-0.0427050143775847,-1.8786131397638,0.106927013716123,0.169741552191944,"NONE"
"REACTOME_TRANSCRIPTION",-0.0395534252033576,-1.86593187156315,0.108861816198156,0.172367933211601,"NONE"
"KEGG_SPLICEOSOME",-0.0445811853805915,-1.86494064486927,0.10901449554858,0.172367933211601,"NONE"
"REACTOME_TCR_SIGNALING",0.0807760232023251,1.86373321102374,0.109200762477769,0.172367933211601,"NONE"
"KEGG_CARDIAC_MUSCLE_CONTRACTION",-0.105935468653991,-1.83152927953229,0.114285936706679,0.18005425877373,"NONE"
"REACTOME_ACTIVATION_OF_THE_AP1_FAMILY_OF_TRANSCRIPTION_FACTORS",0.105554775907597,1.82319839731839,0.115638837074302,0.181842615738309,"NONE"
"NABA_ECM_GLYCOPROTEINS",-0.0629382821934379,-1.81088487210631,0.117667272634121,0.184315536035225,"NONE"
"REACTOME_TRIF_MEDIATED_TLR3_SIGNALING",0.0324201210367365,1.80966513692636,0.117870087226177,0.184315536035225,"NONE"
"KEGG_PROGESTERONE_MEDIATED_OOCYTE_MATURATION",-0.0514362508842953,-1.80964373945173,0.117873648194983,0.184315536035225,"NONE"
"PID_ERB_GENOMIC_PATHWAY",0.0319878075070628,1.80500517749955,0.118648085345032,0.184847062331118,"NONE"
"PID_BCR_5PATHWAY",-0.0526177294459264,-1.80495602723386,0.118656317855664,0.184847062331118,"NONE"
"REACTOME_SIGNALLING_BY_NGF",0.0365134830430733,1.80185245814945,0.119177287290104,0.185312914128933,"NONE"
"REACTOME_E2F_ENABLED_INHIBITION_OF_PRE_REPLICATION_COMPLEX_FORMATION",-0.0581084724379379,-1.79758066639234,0.119898010877822,0.186087061492531,"NONE"
"PID_EPHB_FWD_PATHWAY",0.0359302829003286,1.77397037964485,0.123958779538607,0.192032617652573,"NONE"
"PID_INTEGRIN3_PATHWAY",-0.0318147252408895,-1.76781304264013,0.125039607991828,0.193348282728105,"NONE"
"REACTOME_GASTRIN_CREB_SIGNALLING_PATHWAY_VIA_PKC_AND_MAPK",-0.0448285582750175,-1.76554264393477,0.125440449221396,0.193609565803819,"NONE"
"KEGG_INSULIN_SIGNALING_PATHWAY",-0.0302912531966642,-1.76156216793972,0.126146220518957,0.194339657072563,"NONE"
"PID_ARF6_DOWNSTREAM_PATHWAY",0.0579149813637522,1.75502491566399,0.127313700522557,0.195777053289752,"NONE"
"KEGG_RENAL_CELL_CARCINOMA",0.0407350895168469,1.74428224679136,0.129255009978931,0.198396936272808,"NONE"
"KEGG_VASOPRESSIN_REGULATED_WATER_REABSORPTION",0.0325492460361827,1.7333945808981,0.1312517518755,0.201092133607418,"NONE"
"REACTOME_GLUTATHIONE_CONJUGATION",0.148868292546289,1.72909370159066,0.132048700514975,0.201942609761913,"NONE"
"REACTOME_METABOLISM_OF_STEROID_HORMONES_AND_VITAMINS_A_AND_D",0.111955451615771,1.72508829296113,0.132795100637587,0.202712813587541,"NONE"
"BIOCARTA_ERK_PATHWAY",0.0454527283280258,1.71631655359997,0.134443945359968,0.204855281707251,"NONE"
"BIOCARTA_NTHI_PATHWAY",0.112611688567936,1.70437991140132,0.136719426890226,0.207927479196198,"NONE"
"PID_ANGIOPOIETIN_RECEPTOR_PATHWAY",-0.0461062980667442,-1.70313836645433,0.136958219829831,0.207927479196198,"NONE"
"REACTOME_SIGNALING_BY_FGFR1_MUTANTS",-0.0671421233513039,-1.70176046598788,0.137223708408993,0.207952443777693,"NONE"
"PID_EPHA_FWDPATHWAY",-0.0339483654227419,-1.69753996970108,0.138039979958351,0.208810476929752,"NONE"
"BIOCARTA_FAS_PATHWAY",-0.0400666819041631,-1.68722362043296,0.140054911732554,0.21129282723298,"NONE"
"REACTOME_SPRY_REGULATION_OF_FGF_SIGNALING",-0.0365417929800307,-1.68655182546059,0.140187097349785,0.21129282723298,"NONE"
"REACTOME_MRNA_3_END_PROCESSING",-0.0552141982972669,-1.67398853951357,0.142681252212277,0.214664586661714,"NONE"
"KEGG_HYPERTROPHIC_CARDIOMYOPATHY_HCM",-0.0348150527877595,-1.67263643404818,0.142952201180702,0.214685410046558,"NONE"
"REACTOME_HORMONE_SENSITIVE_LIPASE_HSL_MEDIATED_TRIACYLGLYCEROL_HYDROLYSIS",-0.0609206672915686,-1.65590791388887,0.146345395646945,0.219223991174795,"NONE"
"KEGG_MAPK_SIGNALING_PATHWAY",-0.034772651761864,-1.65515755672565,0.146499385719204,0.219223991174795,"NONE"
"KEGG_B_CELL_RECEPTOR_SIGNALING_PATHWAY",-0.0380292538586292,-1.64420138801554,0.148765509547828,0.221879043260651,"NONE"
"BIOCARTA_ACH_PATHWAY",-0.0694769676549756,-1.64401136163299,0.148805106857442,0.221879043260651,"NONE"
"BIOCARTA_VIP_PATHWAY",-0.0863162087022874,-1.63266290259181,0.151188145749104,0.22503048431462,"NONE"
"PID_RHOA_PATHWAY",0.0442432551573259,1.6160521338865,0.154741667740765,0.229546903501461,"NONE"
"REACTOME_ADHERENS_JUNCTIONS_INTERACTIONS",-0.0390478798516327,-1.61591032349639,0.154772343318949,0.229546903501461,"NONE"
"REACTOME_RESPONSE_TO_ELEVATED_PLATELET_CYTOSOLIC_CA2_",-0.0383877924929622,-1.60375034470714,0.157424236301909,0.233066023603003,"NONE"
"REACTOME_METABOLISM_OF_VITAMINS_AND_COFACTORS",0.0519360600817864,1.60053603730287,0.158132372334068,0.233700054688401,"NONE"
"REACTOME_POST_TRANSLATIONAL_PROTEIN_MODIFICATION",-0.0307357947963951,-1.59686406416111,0.158945017721781,0.234486024377539,"NONE"
"REACTOME_APOPTOSIS",0.0357410166263817,1.58468363950836,0.161668976961968,0.238083943145049,"NONE"
"REACTOME_CELL_CELL_JUNCTION_ORGANIZATION",-0.0376471721303924,-1.56686066357055,0.165734120626277,0.243413806448312,"NONE"
"PID_CERAMIDE_PATHWAY",-0.0463025308207906,-1.5662668281782,0.16587120463364,0.243413806448312,"NONE"
"BIOCARTA_CERAMIDE_PATHWAY",-0.0648745170178922,-1.56344904210722,0.166523128361892,0.24375200198322,"NONE"
"PID_IGF1_PATHWAY",0.0595143238511736,1.56239057719372,0.166768635540178,0.24375200198322,"NONE"
"KEGG_BASAL_TRANSCRIPTION_FACTORS",0.0314413405013125,1.56029321521228,0.167256114188764,0.24375200198322,"NONE"
"REACTOME_MRNA_DECAY_BY_5_TO_3_EXORIBONUCLEASE",0.0462424096173832,1.56023640053188,0.167269337887887,0.24375200198322,"NONE"
"PID_ALPHA_SYNUCLEIN_PATHWAY",0.0983482678231721,1.5587802304872,0.167608598202191,0.24382087020702,"NONE"
"KEGG_MISMATCH_REPAIR",-0.0486203126515514,-1.55280777342535,0.169006824572841,0.245427301770995,"NONE"
"REACTOME_EXTRINSIC_PATHWAY_FOR_APOPTOSIS",0.0983484200546907,1.54800310130647,0.170139575438321,0.246643308144094,"NONE"
"BIOCARTA_ETC_PATHWAY",-0.177393784373617,-1.54541332399814,0.170753083411581,0.247103682233397,"NONE"
"REACTOME_TRANSPORT_OF_MATURE_TRANSCRIPT_TO_CYTOPLASM",-0.0469431658192002,-1.53780686925246,0.172566994935246,0.249197310085568,"NONE"
"ST_GRANULE_CELL_SURVIVAL_PATHWAY",-0.105948111489984,-1.53638908681911,0.172907076332136,0.249197310085568,"NONE"
"BIOCARTA_RARRXR_PATHWAY",0.0498668328353243,1.53560618574689,0.173095137544466,0.249197310085568,"NONE"
"REACTOME_DEADENYLATION_DEPENDENT_MRNA_DECAY",-0.0526263012251708,-1.52086559293991,0.176671764030665,0.253908645379699,"NONE"
"REACTOME_SYNTHESIS_OF_PIPS_AT_THE_EARLY_ENDOSOME_MEMBRANE",0.0433794894006809,1.5190356631517,0.177120542800361,0.254116242677494,"NONE"
"BIOCARTA_ECM_PATHWAY",0.044623688385488,1.51532921438946,0.178032774540348,0.254986906931717,"NONE"
"ST_INTERLEUKIN_4_PATHWAY",-0.0323391706694627,-1.48329124166723,0.186101484652172,0.266086883021513,"NONE"
"KEGG_RNA_DEGRADATION",-0.0312971700752139,-1.48041462521342,0.186842251961099,0.266689368183791,"NONE"
"KEGG_SPHINGOLIPID_METABOLISM",-0.0244013996957999,-1.47298408307391,0.188768310918325,0.268864084649863,"NONE"
"REACTOME_GLUCONEOGENESIS",0.166462826152924,1.47205721392915,0.189009841544275,0.268864084649863,"NONE"
"KEGG_CYTOSOLIC_DNA_SENSING_PATHWAY",0.0409857581988464,1.45139695288666,0.194467921225421,0.276157677250385,"NONE"
"REACTOME_CTLA4_INHIBITORY_SIGNALING",-0.043997850458747,-1.43031194651694,0.200186727624348,0.283796124900392,"NONE"
"REACTOME_SEMA3A_PAK_DEPENDENT_AXON_REPULSION",-0.108514800126032,-1.42631116541103,0.201289014826343,0.284875131152536,"NONE"
"KEGG_GLYCOLYSIS_GLUCONEOGENESIS",0.128064848045665,1.42485687088927,0.201691067206226,0.284902534307379,"NONE"
"KEGG_VASCULAR_SMOOTH_MUSCLE_CONTRACTION",0.0445616643096843,1.42294875312927,0.20221969178288,0.284902534307379,"NONE"
"KEGG_AMYOTROPHIC_LATERAL_SCLEROSIS_ALS",-0.0392556268174862,-1.42254402531445,0.202331979454223,0.284902534307379,"NONE"
"BIOCARTA_EDG1_PATHWAY",-0.0291885625817099,-1.41027698037539,0.205762358306223,0.289245065969185,"NONE"
"BIOCARTA_ALK_PATHWAY",-0.0953372088761593,-1.40896750547786,0.206131644086811,0.289277181197458,"NONE"
"KEGG_AMINOACYL_TRNA_BIOSYNTHESIS",-0.0917194044242357,-1.4054634871766,0.207122771802089,0.29015294165909,"NONE"
"REACTOME_AKT_PHOSPHORYLATES_TARGETS_IN_THE_CYTOSOL",0.0423319206641046,1.40430759944326,0.207450666072427,0.29015294165909,"NONE"
"REACTOME_ACTIVATION_OF_NMDA_RECEPTOR_UPON_GLUTAMATE_BINDING_AND_POSTSYNAPTIC_EVENTS",0.102092942979977,1.39770104036941,0.209333806399861,0.292297204588435,"NONE"
"BIOCARTA_ETS_PATHWAY",-0.0835625501622298,-1.39606504124909,0.209802515995202,0.292462605769605,"NONE"
"KEGG_RIBOFLAVIN_METABOLISM",0.0439612818754895,1.38532339313835,0.212903591825258,0.296290831956817,"NONE"
"REACTOME_METABOLISM_OF_CARBOHYDRATES",0.0392773392243658,1.38009650861082,0.214427477545508,0.297915047837769,"NONE"
"KEGG_GLYCOSPHINGOLIPID_BIOSYNTHESIS_GANGLIO_SERIES",0.0297252448348841,1.37782079823744,0.215094019652632,0.298344695033136,"NONE"
"KEGG_PENTOSE_PHOSPHATE_PATHWAY",0.12847680762643,1.37658910708336,0.215455551906646,0.298350556951989,"NONE"
"PID_ARF_3PATHWAY",0.0506737434731084,1.37428395547742,0.216133640878914,0.298747709087051,"NONE"
"KEGG_PROPANOATE_METABOLISM",0.071579050126705,1.37318386874461,0.216457920955289,0.298747709087051,"NONE"
"BIOCARTA_CXCR4_PATHWAY",-0.0571431972549097,-1.36298243105352,0.219485949006462,0.302427008944547,"NONE"
"REACTOME_G_ALPHA_I_SIGNALLING_EVENTS",0.0469239793199887,1.34423485675917,0.225149778036814,0.309720040627248,"NONE"
"REACTOME_PYRIMIDINE_METABOLISM",-0.0743784719694713,-1.33648043872985,0.227530365678988,0.312480025233478,"NONE"
"REACTOME_SPHINGOLIPID_DE_NOVO_BIOSYNTHESIS",0.0349160014179545,1.32882312450516,0.229903105225567,0.315220185325695,"NONE"
"KEGG_ADIPOCYTOKINE_SIGNALING_PATHWAY",0.0226215350741606,1.32393187637521,0.231430219079532,0.316793824477719,"NONE"
"REACTOME_MITOCHONDRIAL_FATTY_ACID_BETA_OXIDATION",0.0982268168849785,1.3212918847323,0.232258194752602,0.317406861895945,"NONE"
"REACTOME_GRB2_EVENTS_IN_ERBB2_SIGNALING",0.0614505597345525,1.30628510292046,0.23701477403886,0.323378000526875,"NONE"
"PID_ERBB1_DOWNSTREAM_PATHWAY",0.0231358257488761,1.30261831913826,0.238190010925393,0.324451319939157,"NONE"
"REACTOME_DEADENYLATION_OF_MRNA",-0.0565027436287255,-1.29719596467131,0.239937341855995,0.325590189603799,"NONE"
"KEGG_GLYCOSAMINOGLYCAN_BIOSYNTHESIS_CHONDROITIN_SULFATE",-0.0949144274716379,-1.29666184127612,0.240110070293002,0.325590189603799,"NONE"
"ST_ADRENERGIC",-0.0677155670070682,-1.29639663116571,0.240195876402323,0.325590189603799,"NONE"
"REACTOME_CRMPS_IN_SEMA3A_SIGNALING",-0.1050298486033,-1.28631986893663,0.243476159576815,0.32950177187462,"NONE"
"ST_JNK_MAPK_PATHWAY",0.0455350368991985,1.28113850834195,0.24517811029359,0.331107221329461,"NONE"
"KEGG_GLUTATHIONE_METABOLISM",0.0980467052169949,1.28029692354728,0.245455532937648,0.331107221329461,"NONE"
"REACTOME_LIPID_DIGESTION_MOBILIZATION_AND_TRANSPORT",-0.0612335170750298,-1.27200654022443,0.248203126376747,0.334273565362232,"NONE"
"KEGG_CHEMOKINE_SIGNALING_PATHWAY",-0.0404111015741272,-1.25785217705313,0.25295628997452,0.340126412445611,"NONE"
"BIOCARTA_GLEEVEC_PATHWAY",-0.0469177571017761,-1.25409478740923,0.254231298926014,0.34129121318846,"NONE"
"PID_INTEGRIN2_PATHWAY",-0.038089855717252,-1.24464035160682,0.257464241853014,0.345000871626835,"NONE"
"REACTOME_ADVANCED_GLYCOSYLATION_ENDPRODUCT_RECEPTOR_SIGNALING",0.133005135798531,1.2436033355709,0.257821010652868,0.345000871626835,"NONE"
"PID_WNT_SIGNALING_PATHWAY",0.0266430922638565,1.2349291332433,0.260822037255808,0.348171199395565,"NONE"
"KEGG_CALCIUM_SIGNALING_PATHWAY",-0.0272240644498299,-1.23434803339765,0.261024156672603,0.348171199395565,"NONE"
"REACTOME_DAG_AND_IP3_SIGNALING",0.0512007389103309,1.20978188678904,0.269693249337572,0.3591608663427,"NONE"
"PID_FANCONI_PATHWAY",-0.0216948076277848,-1.20330489674342,0.272019675201375,0.361682211454057,"NONE"
"KEGG_ETHER_LIPID_METABOLISM",-0.0787667000734666,-1.19892384982861,0.273602991790591,0.362739580196014,"NONE"
"REACTOME_IL_3_5_AND_GM_CSF_SIGNALING",0.0255963148966546,1.19870095859245,0.273683755117951,0.362739580196014,"NONE"
"BIOCARTA_UCALPAIN_PATHWAY",-0.0515155477327758,-1.18336957509033,0.279288015821231,0.369580813329204,"NONE"
"BIOCARTA_RAS_PATHWAY",0.0519573197504068,1.17057191117814,0.284040516118205,0.375275048985286,"NONE"
"BIOCARTA_ARAP_PATHWAY",0.036658081847302,1.15747583456867,0.288974493398577,0.381190682445201,"NONE"
"REACTOME_GLUCAGON_TYPE_LIGAND_RECEPTORS",-0.0238505977419682,-1.15031193087252,0.291703939633556,0.38372534672314,"NONE"
"KEGG_TASTE_TRANSDUCTION",-0.0515916291346326,-1.15002140930949,0.291815084034963,0.38372534672314,"NONE"
"PID_FCER1_PATHWAY",-0.0318496524945223,-1.14619103502309,0.293283792902521,0.385050262694347,"NONE"
"KEGG_STARCH_AND_SUCROSE_METABOLISM",0.0805119083981992,1.14100576570608,0.295281892652643,0.386609164361103,"NONE"
"KEGG_BUTANOATE_METABOLISM",0.0856691647375057,1.13989257045631,0.295712336495993,0.386609164361103,"NONE"
"PID_PTP1B_PATHWAY",0.0298366282964543,1.13951051918314,0.295860186858377,0.386609164361103,"NONE"
"REACTOME_ION_TRANSPORT_BY_P_TYPE_ATPASES",-0.0522232154887646,-1.13662176261584,0.296980112256881,0.38746624021015,"NONE"
"KEGG_N_GLYCAN_BIOSYNTHESIS",-0.029538181449881,-1.13405880949052,0.297976693661986,0.388159967562806,"NONE"
"REACTOME_SYNTHESIS_OF_PC",-0.0482042217881946,-1.12254273097335,0.302489120588962,0.393410990604111,"NONE"
"KEGG_GLYCEROLIPID_METABOLISM",-0.0305922678967525,-1.12137454531512,0.302950020309513,0.393410990604111,"NONE"
"KEGG_FRUCTOSE_AND_MANNOSE_METABOLISM",0.0862725169244498,1.12009118248234,0.303457035169015,0.393457491251751,"NONE"
"KEGG_ECM_RECEPTOR_INTERACTION",0.0187847688324154,1.11257214506133,0.306441737424394,0.396711396510649,"NONE"
"REACTOME_MICRORNA_MIRNA_BIOGENESIS",-0.0312444184620513,-1.10772610709577,0.308378247104364,0.398600365839232,"NONE"
"REACTOME_METABOLISM_OF_POLYAMINES",0.0400502088976293,1.09927587647912,0.311779211856238,0.401484791352154,"NONE"
"REACTOME_RAP1_SIGNALLING",0.0395629913353548,1.09884923875037,0.311951738032419,0.401484791352154,"NONE"
"PID_LYSOPHOSPHOLIPID_PATHWAY",0.062973925591192,1.09860077117521,0.312052251003052,0.401484791352154,"NONE"
"PID_TAP63_PATHWAY",-0.0847183822250434,-1.08465679502817,0.317735887034978,0.408168408729549,"NONE"
"NABA_MATRISOME_ASSOCIATED",0.0226251150093235,1.06749602312338,0.324846826135854,0.41666221171035,"NONE"
"KEGG_CYTOKINE_CYTOKINE_RECEPTOR_INTERACTION",-0.0264909059024827,-1.05579518039791,0.329769224434404,0.422327150924428,"NONE"
"ST_INTEGRIN_SIGNALING_PATHWAY",-0.0211771972575538,-1.0531602001994,0.330886028021796,0.423044488393168,"NONE"
"REACTOME_RETROGRADE_NEUROTROPHIN_SIGNALLING",0.0502802558173026,1.05208497008093,0.331342629232493,0.423044488393168,"NONE"
"BIOCARTA_BARR_MAPK_PATHWAY",-0.0387659105790243,-1.04461234210582,0.3345299958064,0.426461903050906,"NONE"
"BIOCARTA_LONGEVITY_PATHWAY",0.0351218985521844,1.03155157375249,0.340160198891493,0.432437973592997,"NONE"
"BIOCARTA_PTC1_PATHWAY",0.0398498186129512,1.03133639351494,0.340253591198322,0.432437973592997,"NONE"
"BIOCARTA_MTOR_PATHWAY",-0.0366674004690972,-1.02828662497601,0.341579458882051,0.433463295085885,"NONE"
"BIOCARTA_HDAC_PATHWAY",0.0343695254284764,1.02659684467982,0.342315858935293,0.433738607300409,"NONE"
"REACTOME_PRE_NOTCH_PROCESSING_IN_GOLGI",-0.0219986328742652,-1.01077812934252,0.349271243230362,0.441822806771131,"NONE"
"REACTOME_SIGNALING_BY_ERBB2",0.0213879361116202,1.00968875473121,0.349754341647566,0.441822806771131,"NONE"
"PID_HDAC_CLASSIII_PATHWAY",-0.0348976001667114,-1.00119054102178,0.353541209132931,0.445931887652563,"NONE"
"KEGG_HUNTINGTONS_DISEASE",-0.058916408075104,-0.996936023761264,0.355449199636374,0.44766226500207,"NONE"
"BIOCARTA_NOS1_PATHWAY",0.0428608545882989,0.994391523947441,0.356594190022067,0.448427934741605,"NONE"
"REACTOME_HIV_INFECTION",-0.026072414514293,-0.987649525053345,0.359642050083254,0.45043492817256,"NONE"
"PID_S1P_S1P2_PATHWAY",-0.0472217648777403,-0.98653389784114,0.360148361670038,0.45043492817256,"NONE"
"BIOCARTA_CCR3_PATHWAY",-0.0187717881582643,-0.986459166358541,0.360182297490051,0.45043492817256,"NONE"
"BIOCARTA_EPO_PATHWAY",-0.017014457752775,-0.986094471839296,0.360347942538048,0.45043492817256,"NONE"
"KEGG_APOPTOSIS",0.024044127625077,0.983050256626574,0.361732965441804,0.451490323085062,"NONE"
"BIOCARTA_BCELLSURVIVAL_PATHWAY",0.0308068739846233,0.975327881310758,0.365265119291064,0.455218469564236,"NONE"
"BIOCARTA_CDMAC_PATHWAY",0.0349911159864414,0.962513625972809,0.37118559814994,0.461907562526379,"NONE"
"PID_ER_NONGENOMIC_PATHWAY",0.0253082706383145,0.960334182052301,0.372199931445763,0.462480569579185,"NONE"
"PID_IL1_PATHWAY",0.0437103921319054,0.957874062111748,0.373347474836635,0.462953035603811,"NONE"
"BIOCARTA_STRESS_PATHWAY",-0.0413707256630813,-0.957142947399319,0.373689037122118,0.462953035603811,"NONE"
"REACTOME_REGULATION_OF_SIGNALING_BY_CBL",-0.037814455077692,-0.949815897144679,0.377125453554595,0.466518153656425,"NONE"
"REACTOME_CHONDROITIN_SULFATE_DERMATAN_SULFATE_METABOLISM",-0.0432002664553321,-0.942074870904928,0.380782452372608,0.469818343795216,"NONE"
"KEGG_MTOR_SIGNALING_PATHWAY",-0.0342143042662291,-0.941787814834333,0.380918585328576,0.469818343795216,"NONE"
"BIOCARTA_SPRY_PATHWAY",-0.0495612088301667,-0.925731817242744,0.388592525961667,0.47857634097049,"NONE"
"KEGG_PRIMARY_IMMUNODEFICIENCY",-0.0347554579592475,-0.913715000205641,0.394412629562217,0.485028785985936,"NONE"
"REACTOME_SULFUR_AMINO_ACID_METABOLISM",-0.0402913811399238,-0.907066009183917,0.397661183562754,0.48819555032373,"NONE"
"PID_THROMBIN_PAR4_PATHWAY",0.0472067467592175,0.906054623232002,0.398157089545461,0.48819555032373,"NONE"
"BIOCARTA_MTA3_PATHWAY",-0.0375812261745274,-0.902839733745037,0.399736519843826,0.489413481040462,"NONE"
"REACTOME_GENERIC_TRANSCRIPTION_PATHWAY",0.0439786140472191,0.898267141762267,0.401991084726262,0.491453229496968,"NONE"
"REACTOME_GLUCAGON_SIGNALING_IN_METABOLIC_REGULATION",0.0448088008871316,0.893132561406392,0.404534104827137,0.493839148436637,"NONE"
"REACTOME_FATTY_ACYL_COA_BIOSYNTHESIS",0.106300099834947,0.888541374600849,0.406818177402182,0.495902449826018,"NONE"
"REACTOME_G_ALPHA_Z_SIGNALLING_EVENTS",-0.034833501725099,-0.884972367358101,0.408600366691563,0.497348842838856,"NONE"
"ST_GA13_PATHWAY",0.0372854271620754,0.872209711478464,0.415020961281373,0.504428679286675,"NONE"
"KEGG_ALDOSTERONE_REGULATED_SODIUM_REABSORPTION",-0.0236067206100658,-0.865953191244118,0.418195615452038,0.507548457707052,"NONE"
"PID_RXR_VDR_PATHWAY",-0.023754698779975,-0.862176947263364,0.42012038198906,0.50914443971098,"NONE"
"KEGG_PORPHYRIN_AND_CHLOROPHYLL_METABOLISM",0.0696161542732261,0.858703735766325,0.421896435015178,0.510555830779238,"NONE"
"REACTOME_ANTIGEN_ACTIVATES_B_CELL_RECEPTOR_LEADING_TO_GENERATION_OF_SECOND_MESSENGERS",-0.0190439724447471,-0.854058891356506,0.424280211556644,0.512697506005496,"NONE"
"REACTOME_PERK_REGULATED_GENE_EXPRESSION",0.0157347089685106,0.850314996023793,0.426208774918846,0.514283709620284,"NONE"
"BIOCARTA_PPARA_PATHWAY",-0.0253878343480249,-0.832208269846875,0.435626131581784,0.524888628962179,"NONE"
"PID_HES_HEY_PATHWAY",0.0269135208326912,0.828909547953307,0.437357890535444,0.525788736184205,"NONE"
"KEGG_TGF_BETA_SIGNALING_PATHWAY",-0.0351972100162971,-0.827342539257202,0.438182272513273,0.525788736184205,"NONE"
"KEGG_GNRH_SIGNALING_PATHWAY",-0.0224146740846232,-0.827190670521681,0.438262228005038,0.525788736184205,"NONE"
"PID_BMP_PATHWAY",0.046918567236062,0.822183829661646,0.440904094951496,0.528199310307746,"NONE"
"BIOCARTA_CD40_PATHWAY",-0.0454945910485067,-0.79672917294027,0.454511483066954,0.543720756964049,"NONE"
"REACTOME_GLYCOSAMINOGLYCAN_METABOLISM",0.0209429517218618,0.790193548175124,0.458052676216152,0.547173082461355,"NONE"
"REACTOME_REGULATION_OF_PYRUVATE_DEHYDROGENASE_PDH_COMPLEX",0.0537894145175399,0.787811817354459,0.459347975000155,0.5479365130359,"NONE"
"PID_EPO_PATHWAY",-0.0138294641736208,-0.785450296232818,0.460634816134123,0.548687691115539,"NONE"
"KEGG_GALACTOSE_METABOLISM",-0.0603416938744783,-0.781242837990892,0.462933793046661,0.550640622783421,"NONE"
"PID_S1P_META_PATHWAY",0.0417438126271161,0.751005049212014,0.47969058836326,0.569760513916531,"NONE"
"KEGG_AMINO_SUGAR_AND_NUCLEOTIDE_SUGAR_METABOLISM",-0.0315588737365591,-0.747833440730173,0.481471987600696,0.570693457332791,"NONE"
"KEGG_NEUROTROPHIN_SIGNALING_PATHWAY",0.0182338353497994,0.747173933510246,0.48184297894565,0.570693457332791,"NONE"
"PID_RAC1_PATHWAY",0.0135080136673109,0.744421560359068,0.483393366592242,0.571718783434167,"NONE"
"PID_TELOMERASE_PATHWAY",-0.0122339016491644,-0.73630439816373,0.487985401481348,0.576333536403007,"NONE"
"BIOCARTA_IGF1_PATHWAY",0.028902593712822,0.730861117647435,0.491081227193929,0.579170656365721,"NONE"
"PID_NEPHRIN_NEPH1_PATHWAY",-0.0406615921991075,-0.724476315854085,0.494729333078664,0.582650201862742,"NONE"
"KEGG_TIGHT_JUNCTION",-0.0148579924010639,-0.711275336745148,0.502329340733868,0.590519298610613,"NONE"
"REACTOME_TRIGLYCERIDE_BIOSYNTHESIS",-0.0527637669765579,-0.710418298035128,0.502825414745085,0.590519298610613,"NONE"
"KEGG_PROTEIN_EXPORT",0.0265238330671691,0.706786570315232,0.504931138404995,0.592043290788446,"NONE"
"PID_INSULIN_PATHWAY",-0.0112706916152039,-0.705736343351808,0.505541157284026,0.592043290788446,"NONE"
"KEGG_LIMONENE_AND_PINENE_DEGRADATION",0.0263996433918157,0.697930199960885,0.510090519252861,0.596534430778906,"NONE"
"BIOCARTA_AMI_PATHWAY",0.0345421506384701,0.68012257684467,0.520568554671423,0.607936703707186,"NONE"
"BIOCARTA_TALL1_PATHWAY",-0.0354865485520059,-0.665362342497155,0.529358049540603,0.617337948835759,"NONE"
"PID_NFKAPPAB_ATYPICAL_PATHWAY",-0.0208476963919607,-0.653164563687781,0.53669256614045,0.625018539368586,"NONE"
"REACTOME_GLUTAMATE_NEUROTRANSMITTER_RELEASE_CYCLE",-0.0152905915428052,-0.641952944937991,0.543490281368472,0.631817373274202,"NONE"
"SIG_PIP3_SIGNALING_IN_CARDIAC_MYOCTES",0.0160008066613106,0.641043651538327,0.544043941777426,0.631817373274202,"NONE"
"BIOCARTA_GCR_PATHWAY",0.0240756809311407,0.63759198737414,0.546148822586708,0.633380926194307,"NONE"
"REACTOME_SIGNALING_BY_NODAL",0.0350450011805392,0.631892801762873,0.54963531991523,0.636540210997527,"NONE"
"SIG_INSULIN_RECEPTOR_PATHWAY_IN_CARDIAC_MYOCYTES",0.0153860645331555,0.61716737881294,0.558706969790987,0.646150027389854,"NONE"
"SA_TRKA_RECEPTOR",-0.0174556476555489,-0.614476798290755,0.560374321494226,0.647181961891672,"NONE"
"REACTOME_RNA_POL_II_TRANSCRIPTION",-0.0140134203552429,-0.606221792714259,0.565508738285946,0.652209663630891,"NONE"
"ST_G_ALPHA_I_PATHWAY",-0.0126658797020152,-0.603253338428642,0.567361950267806,0.653444453067059,"NONE"
"KEGG_OXIDATIVE_PHOSPHORYLATION",-0.05328257837468,-0.601058749288979,0.56873437631828,0.654122870834386,"NONE"
"PID_EPHA2_FWD_PATHWAY",-0.014395720513825,-0.596430527067077,0.571635221690109,0.656554896989327,"NONE"
"PID_ENDOTHELIN_PATHWAY",-0.0193844902230768,-0.585079644846408,0.578786810781776,0.663855751377449,"NONE"
"REACTOME_TCA_CYCLE_AND_RESPIRATORY_ELECTRON_TRANSPORT",-0.0571213135454462,-0.568542425132203,0.589299630817007,0.674986545586009,"NONE"
"BIOCARTA_IL2RB_PATHWAY",-0.0101716185740606,-0.566295632571688,0.590736418107337,0.675705354958392,"NONE"
"PID_REG_GR_PATHWAY",-0.0107832029715865,-0.550686223682773,0.600773810737164,0.685934074077605,"NONE"
"REACTOME_PHOSPHOLIPID_METABOLISM",-0.00962150009430612,-0.549838247366776,0.601321846975817,0.685934074077605,"NONE"
"REACTOME_METABOLISM_OF_PORPHYRINS",0.0495654331683789,0.545349991536502,0.604227248566498,0.688307984383391,"NONE"
"KEGG_VIBRIO_CHOLERAE_INFECTION",0.0184970481155834,0.542045751851225,0.606371232686,0.689151709827983,"NONE"
"REACTOME_G_ALPHA_S_SIGNALLING_EVENTS",-0.0230570792142299,-0.541664983849785,0.606618570926428,0.689151709827983,"NONE"
"BIOCARTA_EGF_PATHWAY",0.0115585590991424,0.534579893250451,0.611231161742482,0.693448396813822,"NONE"
"PID_PDGFRA_PATHWAY",-0.0153279390878891,-0.519387123271187,0.621187283688208,0.703787492374021,"NONE"
"KEGG_PROTEASOME",0.0238466150825404,0.516010528828612,0.623411994273048,0.704656231241539,"NONE"
"PID_HDAC_CLASSI_PATHWAY",-0.0122258612942749,-0.515662015856515,0.623641862140716,0.704656231241539,"NONE"
"REACTOME_BASIGIN_INTERACTIONS",0.0269813433685289,0.507043276579574,0.629341064998284,0.710048720741509,"NONE"
"BIOCARTA_RB_PATHWAY",0.0165787463471492,0.505875978807703,0.630115092298752,0.710048720741509,"NONE"
"REACTOME_SIGNALING_BY_RHO_GTPASES",0.0125798443141196,0.502259294480807,0.632516519629475,0.711794196618075,"NONE"
"PID_FOXO_PATHWAY",0.0188218731149135,0.498740453500844,0.634857648760316,0.713467209575859,"NONE"
"REACTOME_RIP_MEDIATED_NFKB_ACTIVATION_VIA_DAI",0.0189742407008155,0.475746633838621,0.650267589472398,0.729803007001953,"NONE"
"KEGG_ALANINE_ASPARTATE_AND_GLUTAMATE_METABOLISM",0.0272593536416167,0.471067077464439,0.653427151363265,0.732364659581646,"NONE"
"REACTOME_SIGNALING_BY_ERBB4",0.00771248118724616,0.459609336969848,0.661196070618874,0.740078711751688,"NONE"
"REACTOME_NOTCH1_INTRACELLULAR_DOMAIN_REGULATES_TRANSCRIPTION",0.0143911257703354,0.456430244499007,0.663359838740508,0.741506647052643,"NONE"
"ST_T_CELL_SIGNAL_TRANSDUCTION",-0.0126363820565645,-0.450665803032401,0.66729223369542,0.744905100448764,"NONE"
"PID_WNT_CANONICAL_PATHWAY",-0.00877237965485012,-0.445182247938858,0.671043670538563,0.7480927435243,"NONE"
"PID_MAPK_TRK_PATHWAY",-0.0127600983888158,-0.441779673487906,0.673376640577349,0.749095102630309,"NONE"
"REACTOME_PREFOLDIN_MEDIATED_TRANSFER_OF_SUBSTRATE_TO_CCT_TRIC",0.0311115939317131,0.440736509462452,0.67409267531141,0.749095102630309,"NONE"
"PID_IL3_PATHWAY",0.00860494497369763,0.439948009835476,0.674634152308973,0.749095102630309,"NONE"
"REACTOME_HOMOLOGOUS_RECOMBINATION_REPAIR_OF_REPLICATION_INDEPENDENT_DOUBLE_STRAND_BREAKS",-0.0116306270494626,-0.426721893524591,0.683748026033352,0.756022611959603,"NONE"
"REACTOME_G_PROTEIN_ACTIVATION",0.00955760552160131,0.426231352312111,0.684087174491152,0.756022611959603,"NONE"
"PID_ECADHERIN_STABILIZATION_PATHWAY",-0.0168144331261642,-0.42533496152515,0.684707123865492,0.756022611959603,"NONE"
"REACTOME_CHONDROITIN_SULFATE_BIOSYNTHESIS",0.0241402187294595,0.423370642069583,0.686066589609606,0.756022611959603,"NONE"
"KEGG_INTESTINAL_IMMUNE_NETWORK_FOR_IGA_PRODUCTION",0.0112021659194879,0.423243731862683,0.686154465458723,0.756022611959603,"NONE"
"REACTOME_JNK_C_JUN_KINASES_PHOSPHORYLATION_AND_ACTIVATION_MEDIATED_BY_ACTIVATED_HUMAN_TAK1",0.0218245622907454,0.42302554396621,0.686305556725005,0.756022611959603,"NONE"
"PID_RAC1_REG_PATHWAY",-0.00947281229563834,-0.415538345655248,0.691499787563852,0.760706334199381,"NONE"
"BIOCARTA_HIVNEF_PATHWAY",0.011921366556092,0.414273015517988,0.692379417953927,0.760706334199381,"NONE"
"PID_HDAC_CLASSII_PATHWAY",0.00847844868625158,0.412015531701648,0.693950063323377,0.761430095762181,"NONE"
"PID_LPA4_PATHWAY",-0.0382636196035454,-0.405656836960694,0.698382968426711,0.765288423407223,"NONE"
"KEGG_EPITHELIAL_CELL_SIGNALING_IN_HELICOBACTER_PYLORI_INFECTION",-0.00914533186717414,-0.40054077502194,0.701958975750946,0.768198879098348,"NONE"
"KEGG_CITRATE_CYCLE_TCA_CYCLE",-0.0563823247722816,-0.394112647760416,0.70646382430717,0.772116876042522,"NONE"
"PID_WNT_NONCANONICAL_PATHWAY",-0.0156879482331332,-0.384242747105924,0.713405769764926,0.778684729089821,"NONE"
"KEGG_ALZHEIMERS_DISEASE",-0.0221011777230639,-0.38274536576199,0.714461569328515,0.778819073615287,"NONE"
"BIOCARTA_GPCR_PATHWAY",-0.0119602962371884,-0.375380326598814,0.71966457250226,0.783042015497695,"NONE"
"KEGG_HOMOLOGOUS_RECOMBINATION",0.0103753376055289,0.374437362037476,0.720331910307952,0.783042015497695,"NONE"
"REACTOME_VOLTAGE_GATED_POTASSIUM_CHANNELS",-0.0214137835656243,-0.37328348557397,0.721148874152967,0.783042015497695,"NONE"
"KEGG_PANTOTHENATE_AND_COA_BIOSYNTHESIS",-0.0259565296983504,-0.362500320113348,0.728802685093479,0.790301582925187,"NONE"
"REACTOME_DIABETES_PATHWAYS",0.00688652235926182,0.360075567774812,0.730528471112945,0.790301582925187,"NONE"
"REACTOME_SIGNAL_TRANSDUCTION_BY_L1",-0.00862862313815804,-0.359871153939086,0.730674038345203,0.790301582925187,"NONE"
"REACTOME_CELL_SURFACE_INTERACTIONS_AT_THE_VASCULAR_WALL",0.00960364471491287,0.353002472778557,0.735572396092044,0.794570440798004,"NONE"
"PID_TCR_JNK_PATHWAY",0.0178958229375855,0.338587926225011,0.745895708212233,0.804680770487358,"NONE"
"REACTOME_STRIATED_MUSCLE_CONTRACTION",0.0093645865154679,0.336090948118603,0.747689875086186,0.804974692693471,"NONE"
"PID_AURORA_B_PATHWAY",0.00668818518471648,0.335525731693716,0.748096241353453,0.804974692693471,"NONE"
"REACTOME_INTEGRATION_OF_ENERGY_METABOLISM",-0.00596623509557842,-0.332373663304395,0.750364047855596,0.806375778583555,"NONE"
"REACTOME_METABOLISM_OF_AMINO_ACIDS_AND_DERIVATIVES",0.0154679402095625,0.325681186238788,0.755188005101599,0.809781913187663,"NONE"
"PID_CXCR4_PATHWAY",-0.00548683199168531,-0.325286065773137,0.755473186075676,0.809781913187663,"NONE"
"ST_WNT_CA2_CYCLIC_GMP_PATHWAY",0.00923618129241843,0.322990867783126,0.757130585857942,0.81051799896331,"NONE"
"BIOCARTA_PROTEASOME_PATHWAY",0.0152642059554911,0.306082385040053,0.769383088225843,0.821070787963393,"NONE"
"KEGG_VALINE_LEUCINE_AND_ISOLEUCINE_DEGRADATION",0.018708650709824,0.305747362697575,0.769626602441634,0.821070787963393,"NONE"
"PID_DNA_PK_PATHWAY",0.0104722474394193,0.305318680292954,0.769938235898606,0.821070787963393,"NONE"
"PID_FAK_PATHWAY",-0.0117525291591034,-0.295938692710685,0.776768636036715,0.826274107671138,"NONE"
"KEGG_NEUROACTIVE_LIGAND_RECEPTOR_INTERACTION",-0.0189607911311755,-0.295900330123712,0.776796616193824,0.826274107671138,"NONE"
"BIOCARTA_VITCB_PATHWAY",0.0122337766599848,0.291628071779483,0.77991489385888,0.828535542458225,"NONE"
"BIOCARTA_WNT_PATHWAY",0.0135513158702365,0.288282319751616,0.782360029553282,0.829994730223295,"NONE"
"REACTOME_SIGNALING_BY_GPCR",0.00743000053340126,0.287029287406274,0.783276463971205,0.829994730223295,"NONE"
"KEGG_PYRUVATE_METABOLISM",0.0250327392246645,0.283394383662231,0.785937063184993,0.831758488922014,"NONE"
"BIOCARTA_NDKDYNAMIN_PATHWAY",0.0100098918970969,0.280539801552659,0.788028699925732,0.832804525703423,"NONE"
"PID_NETRIN_PATHWAY",-0.00821595197164626,-0.278399660378159,0.789598103146979,0.832804525703423,"NONE"
"PID_INTEGRIN4_PATHWAY",0.0194193600898729,0.277964171577145,0.789917586056421,0.832804525703423,"NONE"
"REACTOME_NUCLEAR_SIGNALING_BY_ERBB4",-0.00594156776372268,-0.269597367252898,0.796064154492353,0.838226442624357,"NONE"
"KEGG_NON_HOMOLOGOUS_END_JOINING",0.00715675850300188,0.25904540196751,0.803838637115642,0.845346677571236,"NONE"
"REACTOME_NOTCH_HLH_TRANSCRIPTION_PATHWAY",0.01009159175776,0.257234600884065,0.80517527740701,0.84568724105013,"NONE"
"NABA_SECRETED_FACTORS",-0.00881842350963025,-0.25514712734394,0.806717028659379,0.846242109209273,"NONE"
"PID_LKB1_PATHWAY",-0.00612186652865121,-0.240485989290877,0.817571485786467,0.856197996986298,"NONE"
"PID_ALK1_PATHWAY",0.00600828998644842,0.239559819770297,0.818258684544989,0.856197996986298,"NONE"
"REACTOME_SEMA3A_PLEXIN_REPULSION_SIGNALING_BY_INHIBITING_INTEGRIN_ADHESION",-0.0242376109528162,-0.235095814622999,0.821573328680125,0.857735593849778,"NONE"
"PID_TCR_RAS_PATHWAY",0.0040130615280345,0.234814152894358,0.821782604886015,0.857735593849778,"NONE"
"REACTOME_GABA_SYNTHESIS_RELEASE_REUPTAKE_AND_DEGRADATION",-0.0105194289552424,-0.215856557145959,0.835903844698935,0.87138540614683,"NONE"
"REACTOME_PTM_GAMMA_CARBOXYLATION_HYPUSINE_FORMATION_AND_ARYLSULFATASE_ACTIVATION",-0.00513479366182534,-0.204984936892762,0.844032355626592,0.878761866518958,"NONE"
"PID_CASPASE_PATHWAY",0.00450905802332881,0.191980480662901,0.853782873329042,0.88780659928985,"NONE"
"KEGG_CELL_ADHESION_MOLECULES_CAMS",0.00424770847548439,0.185186510671744,0.858888153826492,0.892004488115822,"NONE"
"REACTOME_L1CAM_INTERACTIONS",-0.00407141098478225,-0.176297746428954,0.865578694937059,0.897836286052726,"NONE"
"PID_ARF6_PATHWAY",-0.00391819803079729,-0.160966539609195,0.87714653184104,0.908706394649217,"NONE"
"BIOCARTA_AKT_PATHWAY",0.0145319419903454,0.146078873148645,0.888411293576813,0.919235972907855,"NONE"
"PID_SMAD2_3NUCLEAR_PATHWAY",-0.00265739106035207,-0.141932550533969,0.891553772214924,0.920419767898423,"NONE"
"BIOCARTA_TOLL_PATHWAY",-0.00545089667292054,-0.140476313316961,0.892657957595338,0.920419767898423,"NONE"
"PID_AURORA_A_PATHWAY",0.00369435498668481,0.140206870855811,0.892862289817632,0.920419767898423,"NONE"
"BIOCARTA_CREB_PATHWAY",-0.00504703814841534,-0.136147896194043,0.895941490409185,0.922455171999592,"NONE"
"REACTOME_BOTULINUM_NEUROTOXICITY",0.0073702054810213,0.129307446193646,0.901135179776171,0.926558853108413,"NONE"
"REACTOME_TRANSPORT_OF_VITAMINS_NUCLEOSIDES_AND_RELATED_MOLECULES",0.00380306633650029,0.126066280957374,0.903597942156981,0.926558853108413,"NONE"
"BIOCARTA_IL7_PATHWAY",0.00434501764209633,0.125942558090244,0.903691974793952,0.926558853108413,"NONE"
"KEGG_LYSINE_DEGRADATION",0.0037551053197421,0.125056006623042,0.904365826686655,0.926558853108413,"NONE"
"REACTOME_NEGATIVE_REGULATION_OF_FGFR_SIGNALING",-0.00362463442050975,-0.120159520089105,0.908089097296726,0.929208304040436,"NONE"
"PID_CXCR3_PATHWAY",0.00229532878727146,0.11872883670892,0.909177466348546,0.929208304040436,"NONE"
"KEGG_ERBB_SIGNALING_PATHWAY",0.00211311761024541,0.106282772087213,0.9186543491428,0.937746187694667,"NONE"
"PID_KIT_PATHWAY",0.00285831012274504,0.103157102486316,0.921036691247185,0.939030082040781,"NONE"
"PID_AVB3_OPN_PATHWAY",-0.00449595533692659,-0.0989772334495101,0.924223913373667,0.941130448374405,"NONE"
"PID_CD40_PATHWAY",-0.00514845967290678,-0.0938005739083754,0.928173312833953,0.944000872370708,"NONE"
"PID_FAS_PATHWAY",-0.0023475627059074,-0.0864732515779486,0.933767269804212,0.94853487869406,"NONE"
"REACTOME_ERKS_ARE_INACTIVATED",-0.0025714662522206,-0.0729690937843842,0.944087352028149,0.957852902726008,"NONE"
"BIOCARTA_41BB_PATHWAY",0.00562050309077583,0.07001334142789,0.946347828756892,0.958981112878647,"NONE"
"BIOCARTA_CSK_PATHWAY",0.00391978780642543,0.0508326059872018,0.961028866823,0.97255179854631,"NONE"
"REACTOME_BIOSYNTHESIS_OF_THE_N_GLYCAN_PRECURSOR_DOLICHOL_LIPID_LINKED_OLIGOSACCHARIDE_LLO_AND_TRANSFER_TO_A_NASCENT_PROTEIN",0.00108796020741941,0.0494743250076854,0.962069204310481,0.97255179854631,"NONE"
"PID_MTOR_4PATHWAY",-0.000780078740649226,-0.0476914367887524,0.963434880405074,0.972754685777795,"NONE"
"REACTOME_TRANSCRIPTION_COUPLED_NER_TC_NER",-0.000886072675946092,-0.0429682135563185,0.967053462930934,0.975229035685181,"NONE"
"REACTOME_VITAMIN_B5_PANTOTHENATE_METABOLISM",-0.00164635092436693,-0.0342612236762964,0.973726271692084,0.980773747723631,"NONE"
"BIOCARTA_MYOSIN_PATHWAY",-0.000673677073364409,-0.0274893084351352,0.978917713969991,0.98411866521262,"NONE"
"NABA_ECM_REGULATORS",-0.000522893081781994,-0.0268546357692233,0.979404324301422,0.98411866521262,"NONE"
"ST_ERK1_ERK2_MAPK_PATHWAY",0.000497234422672965,0.022716256838406,0.98257748905129,0.986120436728157,"NONE"
"REACTOME_PYRUVATE_METABOLISM_AND_CITRIC_ACID_TCA_CYCLE",0.000785255038086463,0.00778959391158061,0.994025150517481,0.99586134754156,"NONE"
"KEGG_SNARE_INTERACTIONS_IN_VESICULAR_TRANSPORT",0.00030830294872497,0.00695056319916388,0.994668699221151,0.99586134754156,"NONE"
"ST_GAQ_PATHWAY",6.98065388845537e-05,0.00249221991891394,0.99808837332986,0.99808837332986,"NONE"
